# firn-gc-soak v1 mode=1 (0=replace, 1=keep/must grow)
# columns: t_ms rounds rss_kib live heap_bytes live_bytes collections pause_win_ns mark_win_ns sweep_win_ns stop_win_ns full_runs overflows asked
0	0	2008	0	1843200	0	0	0	0	0	0	0	0	0
1085	5952	32840	16849	33349632	16252720	4	14144463	998548	170281	14262654	0	0	16122792
2420	6592	43068	19018	43810816	25257440	5	71485202	3062054	114371	72000727	0	0	21378632
3582	6784	46140	21393	46956544	35070768	6	3156966	3156966	131971	96813046	0	0	22942136
4614	7296	54400	21393	55410688	35070768	6	95330734	3355237	0	96265661	0	0	27180232
5919	7424	56424	21393	57483264	35070768	6	4226404	4226404	0	4227644	0	0	28209488
7283	7552	58480	21393	59588608	35070768	6	3824391	3824391	0	3825681	0	0	29262104
8623	8064	67720	23912	69046272	45529984	7	139724639	3684840	162682	146550414	0	0	33473608
10015	8192	69868	23912	71245824	45529984	7	5100061	5100061	0	5101441	0	0	34455960
11650	8320	71704	23912	73125888	45529984	7	4640167	4640167	0	4641487	0	0	35534608
13330	8448	73480	23912	74944512	45529984	7	5933507	5933507	0	5934647	0	0	36589304
14869	9024	81628	26552	83279872	56024832	8	161312652	4790778	133101	172627583	0	0	41326008
16519	9152	83568	26552	85266432	56024832	8	5166051	5166051	0	5167221	0	0	42505024
18511	9280	85428	26552	87171072	56024832	8	6806904	6806904	0	6808244	0	0	43591712
19531	9344	86560	26552	88334336	56024832	8	5610745	5610745	0	5695096	0	0	44111320
20565	9408	87436	26552	89231360	56024832	8	5724206	5724206	0	5740386	0	0	44616344
21588	9856	93780	29487	95723520	67064208	9	189535388	8738420	135831	213923243	0	0	48203192
22701	10048	96380	29487	98385920	67064208	9	4151674	4151674	0	4152794	0	0	49792944
24548	10176	98144	29487	100192256	67064208	9	6121679	6121679	0	6131759	0	0	50815760
25722	10240	99072	29487	101142528	67064208	9	8953261	8953261	0	8954561	0	0	51350760
26920	10304	99940	29487	102031360	67064208	9	6547553	6547553	0	6548883	0	0	51847712
28140	10368	100908	29487	103022592	67064208	9	6710433	6710433	0	6721913	0	0	52397520
29376	10432	102092	29487	104239104	67064208	9	8789810	8789810	0	8791060	0	0	52948704
30602	10496	102984	29487	105152512	67064208	9	6741114	6741114	0	6746744	0	0	53462504
# done rounds=10496 t_ms=30602 asked=53462504 rss_kib=102984 len=10880 pause_max=189535388 stop_max=213923243 mark_max=8953261 sweep_max=170281 collections=9
