# tools/english/messages.tsv — Diagnose- und Ausgabetexte, deutsch -> englisch.
# Links steht der EXAKTE Rumpf des Zeichenkettenliterals aus dem Quelltext
# (mit Maskierungen wie \0, \n, \"), rechts der englische Rumpf.
# Beide Uebersetzer teilen diese Tabelle, damit firnc0 und firnc1
# ZEICHENGLEICHE Meldungen ausgeben. Angewandt von messages.py.
    # asm (volatile): darf weder entfernt noch verschoben werden	    # asm (volatile): must be neither removed nor moved
    # barrier: undurchsichtig fuer jeden Optimierungsdurchgang	    # barrier: opaque to every optimization pass
  (struct {} groesse {} ausrichtung {}	  (struct {} size {} align {}
 (arg {} groesse {} klasse {})	 (arg {} size {} class {})
 (erwartet zahl.zahl.zahl)\0	 (expected number.number.number)\0
 (feld 	 (field 
 (feld {} versatz {} groesse {} ausrichtung {} typ {})	 (field {} offset {} size {} align {} type {})
 (feld {} {})	 (field {} {})
 (relativ, ohne '..')\0	 (relative, without '..')\0
 (ret {} groesse {} klasse {} sret {})	 (ret {} size {} class {} sret {})
 Fehler gefunden	 errors found
 die letzte VERWENDUNG und „Anfang	 the last USE and "start
 groesse 	 size 
 hat kein manifest\0	 has no manifest\0
 heisst wie das paket selbst\0	 has the same name as the package itself\0
 in einem Str-literal; Str ist geprueftes UTF-8 — benutze u\"...\" (Str16)	 in a Str literal; Str is checked UTF-8 — use u\"...\" (Str16)
 ist in paket \0	 is in package \0
 ist keine abhaengigkeit von paket \0	 is not a dependency of package \0
 kommt aus zwei dateien\0	 comes from two files\0
 nicht lesen\0	 not read\0
 nicht oeffentlich\0	 not public\0
 steht mehrfach als abhaengigkeit im manifest\0	 appears more than once as a dependency in the manifest\0
 steht mehrfach im manifest\0	 appears more than once in the manifest\0
 steht mehrfach in 'public'\0	 appears more than once in 'public'\0
 typ 	 type 
 und 	 and 
 und \0	 and \0
 und „setcc+movzx+store	 and "setcc+movzx+store
 zeigt auf paket \0	 points to package \0
# asm (volatile): darf weder entfernt noch verschoben werden	# asm (volatile): must be neither removed nor moved
# erzeugt von {} {} — eigener x86_64-Codegenerator (kein LLVM)	# generated by {} {} — own x86_64 code generator (no LLVM)
#[constant_time]: bedingter Sprung in '{}' haengt von einem secret-Wert (%{}) ab	#[constant_time]: conditional jump in '{}' depends on a secret value (%{})
#[constant_time]: switch in '{}' haengt von einem secret-Wert (%{}) ab	#[constant_time]: switch in '{}' depends on a secret value (%{})
' ist in einem Bytes-literal nicht erlaubt, schreibe die oktette als \\xNN	' is not allowed in a Bytes literal, write the octets as \\xNN
'--list-attrs' zeigt alle bekannten attribute	'--list-attrs' shows all known attributes
'..' im pfad — der zugriff bleibt im verzeichnis der quelldatei	'..' in the path — access stays inside the directory of the source file
'.as?[T]' prueft nur innerhalb einer vererbungskette (SPEC 4.4)	'.as?[T]' only checks within an inheritance chain (SPEC 4.4)
'.as?[{}]' erwartet einen Gc[T], gefunden {}	'.as?[{}]' expects a Gc[T], found {}
'barrier' arbeitet nur auf skalaren werten, gefunden {}	'barrier' only works on scalar values, found {}
'barrier' mit falscher argumentzahl im lowering	'barrier' with wrong argument count in lowering
'break' ausserhalb einer schleife	'break' outside a loop
'catch' erwartet links einen wert einer fehlerunion, gefunden {}	'catch' expects a value of an error union on the left, found {}
'catch' ohne fehlerunion	'catch' without error union
'catch' ohne zwei operanden	'catch' without two operands
'const' unterstuetzt in stufe 0 nur ganzzahl- und bool-typen	'const' supports only integer and bool types in stage 0
'continue' ausserhalb einer schleife	'continue' outside a loop
'defer' ausserhalb eines blocks	'defer' outside a block
'defer' und 'errdefer' sind zur uebersetzungszeit nicht erlaubt	'defer' and 'errdefer' are not allowed at compile time
'errdefer' und die weitergabe einer fertigen fehlerunion vertragen sich in stufe 0 nicht: hier steht erst zur laufzeit fest, ob der fehlerpfad genommen wird — schreibe 'return try …' oder gib den fehler mit 'return E::Variante' zurueck	'errdefer' and passing on a finished error union do not go together in stage 0: here it is only known at run time whether the error path is taken — write 'return try …' or return the error with 'return E::Variant'
'extern fn' wird in Stufe 0 nicht unterstuetzt	'extern fn' is not supported in stage 0
'gc class {}' hat kein feld '{}'	'gc class {}' has no field '{}'
'gc class {}' ist bereits deklariert	'gc class {}' is already declared
'gc class' braucht den tracing-sammler; im profil 'kernel' gibt es keine GC-typen	'gc class' needs the tracing collector; there are no GC types in profile 'kernel'
'main' muss ohne parameter oder mit genau einem 'u64' deklariert sein und 'i32' zurueckgeben	'main' must be declared without parameters or with exactly one 'u64' and must return 'i32'
'main' zweimal muss ein Fehler sein	'main' twice must be an error
'match' arbeitet auf aufzaehlungen, ganzzahlen und bool, nicht auf {}	'match' works on enums, integers and bool, not on {}
'match' auf einem nicht unterstuetzten typ	'match' on an unsupported type
'match' braucht mindestens einen fall	'match' needs at least one arm
'match' innerhalb einer generischen vorlage wird in dieser stufe nicht unterstuetzt	'match' inside a generic template is not supported in this stage
'match' ist nicht vollstaendig: der fall {} fehlt	'match' is not exhaustive: the arm {} is missing
'match' ist nicht vollstaendig: {} nicht abgedeckt	'match' is not exhaustive: {} not covered
'match' ueber {} ist nicht vollstaendig: es fehlt ein fall fuer alle uebrigen werte	'match' over {} is not exhaustive: an arm for all remaining values is missing
'needs' erwartet einen namen und einen pfad	'needs' expects a name and a path
'needs' erwartet einen namen und einen pfad\0	'needs' expects a name and a path\0
'package' erwartet genau einen namen	'package' expects exactly one name
'package' erwartet genau einen namen\0	'package' expects exactly one name\0
'package' steht mehrfach	'package' appears more than once
'package' steht mehrfach im manifest	'package' appears more than once in the manifest
'package' steht mehrfach im manifest\0	'package' appears more than once in the manifest\0
'public' erwartet mindestens einen modulnamen	'public' expects at least one module name
'public' erwartet mindestens einen modulnamen\0	'public' expects at least one module name\0
'return' erwartet typ {}, gefunden {}	'return' expects type {}, found {}
'return' ohne wert, erwartet wird ein wert vom typ {}	'return' without value, a value of type {} is expected
'secure_zero' mit falscher argumentzahl im lowering	'secure_zero' with wrong argument count in lowering
'select' arbeitet nur auf skalaren werten, gefunden {}	'select' only works on scalar values, found {}
'select' mit falscher argumentzahl im lowering	'select' with wrong argument count in lowering
'size_of' nimmt keine argumente	'size_of' takes no arguments
'size_of[void]' ist nicht sinnvoll	'size_of[void]' is not meaningful
'source' erwartet genau einen pfad	'source' expects exactly one path
'source' erwartet genau einen pfad\0	'source' expects exactly one path\0
'stark' wertet einen schwachen verweis auf	'strong' upgrades a weak reference
'start' erwartet genau einen pfad	'start' expects exactly one path
'start' erwartet genau einen pfad\0	'start' expects exactly one path\0
'start' steht mehrfach im manifest	'start' appears more than once in the manifest
'start' steht mehrfach im manifest\0	'start' appears more than once in the manifest\0
'syscall' erwartet 1 bis 7 argumente (nummer und bis zu 6 werte), gefunden {}	'syscall' expects 1 to 7 arguments (number and up to 6 values), found {}
'syscall' gibt es im profil 'kernel' nicht	'syscall' does not exist in profile 'kernel'
'syscall'-argument muss ganzzahl- oder zeigertyp sein, gefunden {}	'syscall' argument must be an integer or pointer type, found {}
'try' erwartet einen wert einer fehlerunion, gefunden {}	'try' expects a value of an error union, found {}
'try' ist nur in einer funktion mit fehlerunions-rueckgabetyp erlaubt, diese liefert {}	'try' is only allowed in a function with an error union return type, this one returns {}
'try' liefert fehler der menge '{}', die funktion liefert fehler der menge '{}'	'try' yields errors of the set '{}', the function yields errors of the set '{}'
'try' ohne fehlerunion	'try' without error union
'try' ohne operand	'try' without operand
'version' erwartet genau eine versionsnummer	'version' expects exactly one version number
'version' erwartet genau eine versionsnummer\0	'version' expects exactly one version number\0
'version' steht mehrfach	'version' appears more than once
'version' steht mehrfach im manifest	'version' appears more than once in the manifest
'version' steht mehrfach im manifest\0	'version' appears more than once in the manifest\0
'{who}' ist #[no_gc], alloziert aber ueber '{}' auf dem GC-Heap	'{who}' is #[no_gc], but allocates on the GC heap via '{}'
'{who}' ist #[no_gc], ruft aber '{}' ohne #[no_gc]	'{who}' is #[no_gc], but calls '{}' without #[no_gc]
'{who}' ist #[no_gc], ruft aber die methode '{m}'	'{who}' is #[no_gc], but calls the method '{m}'
'{who}' ist #[no_gc], schreibt aber in {what}	'{who}' is #[no_gc], but writes into {what}
'{}' auch ohne Sammlungen dabei	'{}' present even without collections
'{}' erwartet als argument einen u64, gefunden {}	'{}' expects a u64 as argument, found {}
'{}' erwartet als drittes argument einen zeiger auf das tidwort, gefunden {}	'{}' expects a pointer to the tid word as third argument, found {}
'{}' erwartet als erstes argument einen *mut u64, gefunden {}	'{}' expects a *mut u64 as first argument, found {}
'{}' erwartet als erstes argument einen zeiger, gefunden {}	'{}' expects a pointer as first argument, found {}
'{}' erwartet als stapel einen u64, gefunden {}	'{}' expects a u64 as stack, found {}
'{}' erwartet als zweites argument einen u64, gefunden {}	'{}' expects a u64 as second argument, found {}
'{}' erwartet den empfaenger als wert, gefunden {}	'{}' expects the receiver as a value, found {}
'{}' erwartet den schnittstellenwert selbst, gefunden {}	'{}' expects the interface value itself, found {}
'{}' erwartet einen u64, gefunden {}	'{}' expects a u64, found {}
'{}' erwartet einen zeiger, gefunden {}	'{}' expects a pointer, found {}
'{}' erwartet genau drei argumente (argument, stapel, tidwort), gefunden {}	'{}' expects exactly three arguments (argument, stack, tid word), found {}
'{}' erwartet genau drei argumente (zeiger, erwartet, neu), gefunden {}	'{}' expects exactly three arguments (pointer, expected, new), found {}
'{}' erwartet genau ein argument (die adresse), gefunden {}	'{}' expects exactly one argument (the address), found {}
'{}' erwartet genau ein argument, gefunden {}	'{}' expects exactly one argument, found {}
'{}' erwartet genau zwei argumente (adresse, wert), gefunden {}	'{}' expects exactly two arguments (address, value), found {}
'{}' erwartet genau zwei argumente (zeiger, summand), gefunden {}	'{}' expects exactly two arguments (pointer, addend), found {}
'{}' erwartet keine argumente, gefunden {}	'{}' expects no arguments, found {}
'{}' erwartet {} argument(e), gefunden {}	'{}' expects {} argument(s), found {}
'{}' erwartet {} typargument(e), bekommen {}	'{}' expects {} type argument(s), got {}
'{}' hat alle methoden von '{}'; es fehlt der block 'impl {} for {} {{ … }}'	'{}' has all methods of '{}'; the block 'impl {} for {} {{ … }}' is missing
'{}' hat keine methode; es fehlt nur 'impl {} for {}'	'{}' has no method; only 'impl {} for {}' is missing
'{}' ist ein interrupt-einsprungpunkt und kann nicht aufgerufen werden	'{}' is an interrupt entry point and cannot be called
'{}' ist eine funktion und kein wert	'{}' is a function and not a value
'{}' ist eine gc-klasse und kann kein wert sein	'{}' is a gc class and cannot be a value
'{}' ist eine gc-klasse: der empfaenger kann keine kopie sein	'{}' is a gc class: the receiver cannot be a copy
'{}' ist eine konstante und kann nicht veraendert werden	'{}' is a constant and cannot be modified
'{}' ist eine schnittstelle und kein typ	'{}' is an interface and not a type
'{}' ist in diesem block bereits deklariert	'{}' is already declared in this block
'{}' ist in einem '{}' nicht erlaubt	'{}' is not allowed in a '{}'
'{}' ist keine bereits deklarierte konstante	'{}' is not an already declared constant
'{}' ist keine funktion und kann nicht aufgerufen werden	'{}' is not a function and cannot be called
'{}' ist mit #[interrupt] gekennzeichnet, das gibt es nur im profil 'kernel'	'{}' is marked with #[interrupt], which exists only in profile 'kernel'
'{}' ist mit #[must_consume] gekennzeichnet	'{}' is marked with #[must_consume]
'{}' ist mit #[unwinds] gekennzeichnet; abwicklung ist im profil 'kernel' verboten	'{}' is marked with #[unwinds]; unwinding is forbidden in profile 'kernel'
'{}' ist mit 'let' gebunden und kann nicht veraendert werden	'{}' is bound with 'let' and cannot be modified
'{}' ist nur auf oberster ebene erlaubt, nicht in einem funktionsrumpf	'{}' is only allowed at top level, not inside a function body
'{}' schreibt {}, gefunden {}	'{}' writes {}, found {}
'{}' setzt die methode '{}.{}' nicht um	'{}' does not implement the method '{}.{}'
'{}' setzt die schnittstelle '{}' bereits um	'{}' already implements the interface '{}'
'{}' setzt die schnittstelle '{}' nicht um	'{}' does not implement the interface '{}'
'{}' steht ausserhalb einer schleife	'{}' is outside a loop
'{}' und '{}'	'{}' and '{}'
'{}' und '{}' sind nicht verwandt	'{}' and '{}' are not related
'{}' wird von modul '{}' nicht exportiert	'{}' is not exported by module '{}'
'{}.{}' hat {} parameter, die schnittstelle '{}' verlangt {}	'{}.{}' has {} parameters, the interface '{}' requires {}
'{}.{}' nennt 'Self' und ist deshalb nicht ueber 'dyn {}' aufrufbar	'{}.{}' mentions 'Self' and is therefore not callable via 'dyn {}'
'{}[T]' ist in Stufe 0 nicht umgesetzt	'{}[T]' is not implemented in stage 0
(erlaubt: package, version, start, source, public, needs)\0	(allowed: package, version, start, source, public, needs)\0
(feld 	(field 
(feld {} {})	(field {} {})
--package erwartet ein Verzeichnis	--package expects a directory
--package-info erwartet ein Verzeichnis	--package-info expects a directory
-o erwartet einen Pfad	-o expects a path
// AllocError wird vom Programm selbst deklariert\n	// AllocError is declared by the program itself\n
// Runde 47: Voreinstellung des Finalisierer-Verteilers. Das Programm\n	// Round 47: default of the finalizer dispatcher. The program\n
// Runde 47: Voreinstellung des Finalisierer-Verteilers. Das Programm\n// deklariert keinen eigenen, also tut das Aufraeumen nichts.\nfn __gc_finalize(kind: u64, p: *mut u8) {\n    let _unused: u64 = kind + (p as u64)\n}\n	// Round 47: default of the finalizer dispatcher. The program\n// declares none of its own, so cleanup does nothing.\nfn __gc_finalize(kind: u64, p: *mut u8) {\n    let _unused: u64 = kind + (p as u64)\n}\n
// Runde 49: Voreinstellung des Fadenverteilers. Das Programm\n	// Round 49: default of the thread dispatcher. The program\n
// Runde 49: Voreinstellung des Fadenverteilers. Das Programm\n// deklariert keinen eigenen, also tut ein Faden nichts.\nfn __thread_work(kind: u64, arg: u64) -> u64 {\n    return kind + arg - kind - arg\n}\n	// Round 49: default of the thread dispatcher. The program\n// declares none of its own, so a thread does nothing.\nfn __thread_work(kind: u64, arg: u64) -> u64 {\n    return kind + arg - kind - arg\n}\n
// __gc_finalize wird vom Programm selbst deklariert\n	// __gc_finalize is declared by the program itself\n
// __thread_work wird vom Programm selbst deklariert\n	// __thread_work is declared by the program itself\n
// deklariert keinen eigenen, also tut das Aufraeumen nichts.\n	// declares none of its own, so cleanup does nothing.\n
// deklariert keinen eigenen, also tut ein Faden nichts.\n	// declares none of its own, so a thread does nothing.\n
32-Bit-Addition muss eine eigene Instruktion bleiben:\n{}	32-bit addition must remain its own instruction:\n{}
<ausdruck>	<expression>
<unbekannt>	<unknown>
Adresse entkommt ueber ptradd	address escapes via ptradd
Adresse muesste einmal ausgerechnet werden:\n{}	address should be computed once:\n{}
AllocError::OutOfMemory fehlt	AllocError::OutOfMemory is missing
Aufrufe einbetten (Groessenheuristik) — macht den Aufrufstapel unlesbar	inline calls (size heuristic) — makes the call stack unreadable
Ausrichtung erzwingen, z. B. #[align(64)] (SPEC 13)	force alignment, e.g. #[align(64)] (SPEC 13)
Block {} ohne Abschluss	block {} without terminator
Blocknummern nicht fortlaufend (Index {}, id {})	block numbers not consecutive (index {}, id {})
Bytes ist kein text	Bytes is not text
CSE hat zugeschlagen:\n{}	CSE struck:\n{}
Dateiende	end of file
Debugzeilen aktiv	debug lines active
Ergebnis darf nicht verworfen werden (SPEC 3.3, 5.1)	result must not be discarded (SPEC 3.3, 5.1)
Felder ohne Auffuellbytes anordnen (SPEC 13)	arrange fields without padding bytes (SPEC 13)
Fixpunkt nach einem Lauf	fixed point after one run
GC-Feld 'elternteil'	GC field 'parent'
GcVec[E] hat eines, GcMap[K, V] hat zwei (SPEC 3.5.2)	GcVec[E] has one, GcMap[K, V] has two (SPEC 3.5.2)
Konstantenfaltung (Bin/Cmp/Un/Cast mit konstanten Operanden)	constant folding (Bin/Cmp/Un/Cast with constant operands)
Layout eingefroren, dafuer wieder einbettbar (DESIGN_GOALS 4)	layout frozen, in exchange embeddable again (DESIGN_GOALS 4)
MMIO-Zugriff	MMIO access
NAME            ZIEL         ARGS  STUFE 0     ZWECK\n	NAME            TARGET       ARGS  STAGE 0     PURPOSE\n
Nachtrag muss fehlerfrei durchlaufen	addendum must run through without errors
Nicht enthalten	not contained
Optimierungsdurchgaenge (Reihenfolge = Ausfuehrungsreihenfolge)\n\nNAME            BEREICH  DEBUGERHALTEND  BESCHREIBUNG\n	optimization passes (order = execution order)\n\nNAME            SCOPE    DEBUG-PRESERVING  DESCRIPTION\n
RA-Grundpfad: {} — {}	RA base path: {} — {}
Rc/Arc/Weak (SPEC §3.4) sind nicht umgesetzt; siehe ACCEPTANCE.md	Rc/Arc/Weak (SPEC §3.4) are not implemented; see ACCEPTANCE.md
SPEC 4.4: 'gc class' hat hoechstens EINE basis	SPEC 4.4: 'gc class' has at most ONE base
Schleifenrumpf greift noch auf den Stack zu:\n{}	loop body still accesses the stack:\n{}
Stapelfaecher zu Werten, Weiterleitung lokaler loads, tote stores	stack slots to values, forwarding of local loads, dead stores
Str16 muss Einheiten liefern	Str16 must yield units
Stufe 0 mit einer klaren Meldung abgelehnt statt still ignoriert.\n	rejected in stage 0 with a clear message instead of silently ignored.\n
U+FFFD erwartet	U+FFFD expected
\\u erwartet genau vier hexadezimalziffern	\\u expects exactly four hexadecimal digits
\\u ist in einem Bytes-literal nicht erlaubt (Bytes ist kein text)	\\u is not allowed in a Bytes literal (Bytes is not text)
\\u{...} erwartet hexadezimalziffern	\\u{...} expects hexadecimal digits
\\u{...} ist nicht abgeschlossen	\\u{...} is not terminated
\\x erwartet genau zwei hexadezimalziffern	\\x expects exactly two hexadecimal digits
\\xNN ueber 0x7F ergibt kein gueltiges UTF-8, schreibe \\u{...}	\\xNN above 0x7F does not yield valid UTF-8, write \\u{...}
\n'Fehler' heisst: das Attribut ist bekannt und geplant, wird aber in\n	\n'error' means: the attribute is known and planned, but is\n
\n// Anweisungsuebersicht (Zeile:Spalte Art)	\n// statement overview (line:column kind)
\nBaustufen: --opt-level=dev | dev-fast | release-safe | release-fast\n'dev-fast' fuehrt nur die debugerhaltenden Durchgaenge aus.\nEinzeln abschalten: --no-pass=<name> (mehrfach erlaubt).\n	\nBuild levels: --opt-level=dev | dev-fast | release-safe | release-fast\n'dev-fast' runs only the debug-preserving passes.\nDisable individually: --no-pass=<name> (may be repeated).\n
abhaengigkeit '{}' heisst wie das paket selbst	dependency '{}' has the same name as the package itself
abhaengigkeit \0	dependency \0
abhaengigkeiten muessen einen kreisfreien graphen bilden	dependencies must form an acyclic graph
abhaengigkeiten muessen einen kreisfreien graphen bilden\0	dependencies must form an acyclic graph\0
absoluter pfad — erlaubt sind nur pfade relativ zur quelldatei	absolute path — only paths relative to the source file are allowed
add_ueber_rax hat ein Register zugesichert	add_via_rax has reserved a register
aggregat als wert (nur adressen erlaubt)	aggregate as value (only addresses allowed)
aggregatrueckgabe ohne ziel	aggregate return without target
als attributname nach '#['	as attribute name after '#['
als registername in einem asm-block	as register name in an asm block
als rueckgabe-, variablen- und parametertyp ist sie erlaubt; im struct hilft ein zeiger	as return, variable and parameter type it is allowed; inside a struct a pointer helps
als vorlage von 'asm'	as template of 'asm'
am anfang der typargumente	at the start of the type arguments
am anfang der typparameterliste	at the start of the type parameter list
am anfang des funktionsrumpfes	at the start of the function body
am anfang des methodenrumpfes	at the start of the method body
am anfang einer funktionsdeklaration	at the start of a function declaration
am anfang eines blocks	at the start of a block
am anfang eines match-falls	at the start of a match arm
am ende der aufzaehlung	at the end of the enum
am ende der export-liste	at the end of the export list
am ende der fehlermenge	at the end of the error set
am ende der gc-klasse	at the end of the gc class
am ende der schnittstelle	at the end of the interface
am ende der structdeklaration	at the end of the struct declaration
am ende der strukturdeklaration	at the end of the structure declaration
am ende des impl-blocks	at the end of the impl block
am ende des struct-literals	at the end of the struct literal
am ende von 'match'	at the end of 'match'
argument {} von '{}' hat typ {}, erwartet {}	argument {} of '{}' has type {}, expected {}
array-literal hat {} elemente, erwartet werden {}	array literal has {} elements, {} are expected
array-literal ohne array-typ	array literal without array type
arraylaenge muss groesser als null sein	array length must be greater than zero
asm-block verschwunden:\n{}	asm block vanished:\n{}
atomar geaendert wird genau ein 64-bit-wort	exactly one 64-bit word is changed atomically
atomar getauscht wird genau ein 64-bit-wort	exactly one 64-bit word is swapped atomically
atomar-primitiv mit falscher stellenzahl	atomic primitive with wrong arity
atomar-tausch mit falscher stellenzahl	atomic swap with wrong arity
attribut '{}' erwartet {} argument(e), gefunden {}	attribute '{}' expects {} argument(s), found {}
attribut '{}' gehoert nicht vor {}	attribute '{}' does not belong before {}
attribut '{}' ist in Stufe 0 nicht umgesetzt	attribute '{}' is not implemented in stage 0
attribut ohne deklaration dahinter	attribute without a declaration after it
attribute an schnittstellen gibt es in dieser stufe nicht	attributes on interfaces do not exist in this stage
aufruf ohne rueckgabewert kann nicht als wert benutzt werden	call without return value cannot be used as a value
aufruf ohne wert an einer wertstelle	call without value in a value position
aufruf: barrier(wert)	call: barrier(value)
aufruf: secure_zero(zeiger, anzahl_bytes)	call: secure_zero(pointer, byte_count)
aufruf: select(bedingung, a, b)	call: select(condition, a, b)
aufruf: syscall(nr, a1, ..., a6)	call: syscall(nr, a1, ..., a6)
aufzaehlung '{}' enthaelt sich selbst (direkt oder indirekt)	enum '{}' contains itself (directly or indirectly)
aufzaehlung '{}' hat keine variante	enum '{}' has no variant
aufzaehlung '{}' hat keine variante '{}'	enum '{}' has no variant '{}'
aufzaehlung '{}' ist bereits deklariert	enum '{}' is already declared
aufzaehlung T	enum T
aufzaehlungskonstruktor ohne aufzaehlung	enum constructor without enum
aufzaehlungskonstruktor ohne aufzaehlungstyp	enum constructor without enum type
aufzaehlungskonstruktor ohne variantennamen	enum constructor without variant name
ausdruck hat keinen skalaren typ	expression has no scalar type
ausdruck ist zu tief verschachtelt (mehr als 200 ebenen)	expression is nested too deeply (more than 200 levels)
ausdruck zu tief verschachtelt	expression nested too deeply
bb0 unveraendert	bb0 unchanged
bedingung von '{}' muss vom typ bool sein, gefunden {}	condition of '{}' must be of type bool, found {}
bei einer gc-allokation muessen ALLE felder angegeben werden	in a gc allocation ALL fields must be given
beide Vorgaenger der Weiche muessen gefaedelt werden	both predecessors of the branch must be threaded
beide zweige von 'select' muessen denselben typ haben, gefunden {} und {}	both branches of 'select' must have the same type, found {} and {}
bekannt sind: {}	known are: {}
bekannt sind: {} (eingebaut: Any, Int, Scalar)	known are: {} (built in: Any, Int, Scalar)
benutze an der Stelle einen zeiger, z. B. '*mut T'	use a pointer there, e.g. '*mut T'
benutze an der stelle einen zeiger, z. B. '*mut T'	use a pointer there, e.g. '*mut T'
benutze einen zeiger ('*mut T') auf die aufzaehlung	use a pointer ('*mut T') to the enum
bereich von 'for' ohne ganzzahltyp	range of 'for' without integer type
bereichsmuster auf nicht skalarem feld	range pattern on a non-scalar field
bereichsmuster passt nicht zum typ {}	range pattern does not fit the type {}
binde es an eine variable oder uebergib es weiter	bind it to a variable or pass it on
binde ihn an eine variable und rufe die methode darauf auf	bind it to a variable and call the method on it
bitweise negation gibt es in stufe 0 nicht, schreibe 'x ^ -1'	bitwise negation does not exist in stage 0, write 'x ^ -1'
block zu tief verschachtelt	block nested too deeply
blockkommentar wird nicht geschlossen ('*/' fehlt)	block comment is not closed ('*/' missing)
brcond mit konstanter Bedingung zu br vereinfachen	simplify brcond with constant condition to br
codepunkt ueber U+10FFFF ist nicht darstellbar	code point above U+10FFFF is not representable
comptime: 'defer' und 'errdefer' sind zur uebersetzungszeit nicht erlaubt	comptime: 'defer' and 'errdefer' are not allowed at compile time
comptime: 'emit_roh' braucht gueltiges UTF-8	comptime: 'emit_raw' needs valid UTF-8
comptime: 'emit_roh' erwartet ein zeichenkettenliteral	comptime: 'emit_raw' expects a string literal
comptime: 'emit_roh' erwartet genau ein argument	comptime: 'emit_raw' expects exactly one argument
comptime: '{}' enthaelt '..' — der zugriff bleibt im verzeichnis der quelldatei	comptime: '{}' contains '..' — access stays inside the directory of the source file
comptime: '{}' erwartet {} argumente, gefunden {}	comptime: '{}' expects {} arguments, found {}
comptime: '{}' ist ein absoluter pfad — erlaubt sind nur pfade relativ zur quelldatei	comptime: '{}' is an absolute path — only paths relative to the source file are allowed
comptime: '{}' ist hier nicht bekannt	comptime: '{}' is not known here
comptime: '{}' ist keine funktion dieses programms	comptime: '{}' is not a function of this program
comptime: '{}' ist keine lokale variable	comptime: '{}' is not a local variable
comptime: '{}' ist nicht lesbar: {}	comptime: '{}' is not readable: {}
comptime: das programm steht hier nicht zur verfuegung	comptime: the program is not available here
comptime: leerer dateiname	comptime: empty file name
comptime: mehr als {} verschachtelte aufrufe	comptime: more than {} nested calls
comptime: nur zuweisungen an eine lokale variable (kein feld, kein index, kein zeiger)	comptime: only assignments to a local variable (no field, no index, no pointer)
comptime: rest bei division durch null	comptime: remainder on division by zero
comptime: verschiebeweite ausserhalb 0..127	comptime: shift amount outside 0..127
darf 'throw' ausloesen oder durchlassen (SPEC 5.3)	may raise or pass on 'throw' (SPEC 5.3)
das GC-Feld '{}'	the GC field '{}'
das ergebnis darf nicht verworfen werden: {}	the result must not be discarded: {}
das erste argument von 'secure_zero' muss ein zeiger sein, gefunden {}	the first argument of 'secure_zero' must be a pointer, found {}
das manifest braucht eine zeile 'package <name>'	the manifest needs a line 'package <name>'
das manifest braucht eine zeile 'package <name>'\0	the manifest needs a line 'package <name>'\0
das manifest braucht eine zeile 'version <zahl.zahl.zahl>'	the manifest needs a line 'version <number.number.number>'
das manifest braucht eine zeile 'version <zahl.zahl.zahl>'\0	the manifest needs a line 'version <number.number.number>'\0
das manifest hat keinen einstiegspunkt ('start <pfad>')\0	the manifest has no entry point ('start <path>')\0
das modul '{}' gehoert zur standardbibliothek und ist im profil 'kernel' nicht verfuegbar	the module '{}' belongs to the standard library and is not available in profile 'kernel'
das programm hat keine funktion 'main'	the program has no function 'main'
datei nicht lesbar	file not readable
der aufgeschobene rumpf muss normal enden; sonst waere unbestimmt, was mit den uebrigen aufgeschobenen anweisungen geschieht	the deferred body must end normally; otherwise it would be undefined what happens to the remaining deferred statements
der ausdruck liefert keinen wert und kann nicht gebunden werden	the expression yields no value and cannot be bound
der bereich im muster ist leer (obere grenze zu klein)	the range in the pattern is empty (upper bound too small)
der bereich von 'for' braucht zwei werte desselben ganzzahltyps, gefunden {} und {}	the range of 'for' needs two values of the same integer type, found {} and {}
der eingabeoperand fuer '{}' hat den typ {}, das passt in kein register	the input operand for '{}' has type {}, that does not fit into a register
der empfaenger einer schnittstellenmethode ist '*self' oder '*mut self' ('{}.{}')	the receiver of an interface method is '*self' or '*mut self' ('{}.{}')
der empfaenger von '{}' braucht eine adresse, dieser ausdruck hat keine	the receiver of '{}' needs an address, this expression has none
der empfaenger von '{}.{}' passt nicht zu '{}'	the receiver of '{}.{}' does not fit '{}'
der erfolgstyp einer fehlerunion kann nicht '()' sein	the success type of an error union cannot be '()'
der ersatzwert von 'catch' hat typ {}, erwartet {}	the replacement value of 'catch' has type {}, expected {}
der erste parameter einer methode ist der empfaenger: 'self', '*self' oder '*mut self'	the first parameter of a method is the receiver: 'self', '*self' or '*mut self'
der kern schreibt dort die fadenkennung hin und nullt sie beim fadenende	the kernel writes the thread id there and zeroes it when the thread ends
der sammler verfolgt den heap praezise und kennt den zeiger hinter 'dyn' nicht (SPEC 3.5.3)	the collector traces the heap precisely and does not know the pointer behind 'dyn' (SPEC 3.5.3)
der stapel ist die OBERE adresse des fadenstapels (er waechst nach unten)	the stack is the UPPER address of the thread stack (it grows downwards)
der typ '{}' ist mehrdeutig	the type '{}' is ambiguous
der typ '{}' ist mit #[must_consume] gekennzeichnet	the type '{}' is marked with #[must_consume]
der typ f64	the type f64
dereferenzierung erwartet einen zeiger	dereference expects a pointer
dereferenzierung erwartet einen zeiger, gefunden {}	dereference expects a pointer, found {}
desselben ganzzahltyps, gefunden i32 und i64	of the same integer type, found i32 and i64
die Multiplikation ist nicht im Vorkopf gelandet	the multiplication did not end up in the preheader
die Multiplikation steht noch im Rumpf: {:?}	the multiplication is still in the body: {:?}
die alloca-Zelle muss befoerdert werden	the alloca cell must be promoted
die bedingung von 'select' muss bool sein, gefunden {}	the condition of 'select' must be bool, found {}
die bereichsgrenzen passen nicht in den typ {}	the range bounds do not fit into the type {}
die byteanzahl von 'secure_zero' muss eine ganzzahl sein, gefunden {}	the byte count of 'secure_zero' must be an integer, found {}
die fehlermenge '{}' ist nicht deklariert	the error set '{}' is not declared
die fehlervariante '{}::{}' traegt keine nutzdaten	the error variant '{}::{}' carries no payload
die form ist __atomar_addieren(p: *mut u64, delta: u64) -> u64	the form is __atomic_add(p: *mut u64, delta: u64) -> u64
die form ist __atomar_tauschen(p: *mut u64, erwartet: u64, neu: u64) -> u64	the form is __atomic_swap(p: *mut u64, expected: u64, new: u64) -> u64
die form ist __faden_selbst() -> *mut u8	the form is __thread_self() -> *mut u8
die form ist __faden_starten(arg: u64, stapel: u64, ctid: *mut u8) -> i64	the form is __thread_start(arg: u64, stack: u64, ctid: *mut u8) -> i64
die form ist __mmio_read<breite>(p: *mut T) -> T	the form is __mmio_read<width>(p: *mut T) -> T
die form ist __mmio_write<breite>(p: *mut T, wert: T)	the form is __mmio_write<width>(p: *mut T, value: T)
die laenge eines wiederholungsliterals muss eine ganzzahl sein, gefunden {}	the length of a repetition literal must be an integer, found {}
die laenge eines wiederholungsliterals muss groesser als null sein	the length of a repetition literal must be greater than zero
die neue Funktion fehlt	the new function is missing
die schnittstelle '{}' hat die methode '{}' bereits	the interface '{}' already has the method '{}'
die schnittstelle '{}' hat keine methode '{}'	the interface '{}' has no method '{}'
die schnittstelle '{}' hat keine methoden	the interface '{}' has no methods
die schnittstelle '{}' ist bereits deklariert	the interface '{}' is already declared
die schranke '{}' steht zweimal an '{}'	the bound '{}' appears twice on '{}'
die varianten {} sind	the variants {} are
die vererbungskette von 'gc class {}' ist ringfoermig	the inheritance chain of 'gc class {}' is cyclic
diese anweisung gibt es zur uebersetzungszeit nicht	this statement does not exist at compile time
diese funktion hat keinen rueckgabetyp, 'return' darf keinen wert haben	this function has no return type, 'return' must not carry a value
dieser ausdruck hat keine adresse	this expression has no address
dieser fall ist unerreichbar	this arm is unreachable
division durch null im konstanten ausdruck	division by zero in the constant expression
doppelter Attributname: {}	duplicate attribute name: {}
durch die Bedingung ausgeschlossen	excluded by the condition
eigene funktion fehlt:\n{}	own function missing:\n{}
ein 'gc class'-wert lebt nur auf dem GC-Heap: schreibe '*self' oder '*mut self'	a 'gc class' value lives only on the GC heap: write '*self' or '*mut self'
ein 'gc class'-wert lebt nur auf dem GC-Heap: schreibe 'Gc[	a 'gc class' value lives only on the GC heap: write 'Gc[
ein GC-Element im Speicher	a GC element in memory
ein GC-Feld hinter einem Zeiger	a GC field behind a pointer
ein array braucht mindestens ein element; schreibe ein feld der gewuenschten laenge, z. B. '[0 as u8; 8]'	an array needs at least one element; write an array of the desired length, e.g. '[0 as u8; 8]'
ein asm-block hat hoechstens ein 'out'-register	an asm block has at most one 'out' register
ein aufzaehlungswert ist ein aggregat und kein skalarer wert	an enum value is an aggregate and not a scalar value
ein feld kann nicht den typ '()' haben	a field cannot have the type '()'
ein frueherer fall in zeile {} trifft immer zu	an earlier arm in line {} always matches
ein parameter dieses typs ist nicht uebersetzbar	a parameter of this type is not compilable
ein parameter kann nicht den typ '()' haben	a parameter cannot have the type '()'
ein rueckgabetyp dieser art ist nicht uebersetzbar	a return type of this kind is not compilable
ein schnittstellenwert entsteht aus einem zeiger auf einen struct, gefunden {}	an interface value is made from a pointer to a struct, found {}
ein schnittstellenwert entsteht aus einem zeiger, gefunden {}	an interface value is made from a pointer, found {}
ein schwacher verweis entsteht nur aus einem starken	a weak reference is made only from a strong one
eine #[interrupt]-funktion hat keine parameter, '{}' hat {}	an #[interrupt] function has no parameters, '{}' has {}
eine #[interrupt]-funktion liefert keinen wert, '{}' hat einen rueckgabetyp	an #[interrupt] function yields no value, '{}' has a return type
eine Division darf NIE unbedingt ausgefuehrt werden (Division durch null)	a division must NEVER be executed unconditionally (division by zero)
eine basis muss selbst mit 'gc class' deklariert sein (SPEC 4.4)	a base must itself be declared with 'gc class' (SPEC 4.4)
eine fehlermenge wird mit 'error Name { A, B }' deklariert	an error set is declared with 'error Name { A, B }'
eine fehlerunion entsteht aus einem rueckgabetyp der form 'E!T'	an error union is made from a return type of the form 'E!T'
eine fehlerunion ueber dem erfolgstyp '{}' kann nicht feldtyp eines structs sein	an error union over the success type '{}' cannot be the field type of a struct
eine funktion	a function
eine gc-klasse wird mit 'gc class Name { … }' deklariert	a gc class is declared with 'gc class Name { … }'
eine konstante hat keine adresse	a constant has no address
eine methode kann in dieser stufe nicht generisch sein	a method cannot be generic in this stage
eine methode wird mit 'impl Typ { fn … }' fuer einen struct- oder grundtyp vereinbart	a method is declared with 'impl Type { fn … }' for a struct or primitive type
eine schnittstelle setzt keine schnittstelle um	an interface does not implement an interface
eine schnittstelle wird mit 'interface {} {{ … }}' vereinbart	an interface is declared with 'interface {} {{ … }}'
eine schnittstellenmethode hat keinen rumpf ('{}.{}')	an interface method has no body ('{}.{}')
eine schnittstellenmethode kann in dieser stufe nicht generisch sein	an interface method cannot be generic in this stage
eine typparameterliste braucht mindestens einen parameter	a type parameter list needs at least one parameter
eine variable kann keinen wert ohne typ haben	a variable cannot have a value without a type
element hat typ {}, erwartet {}	element has type {}, expected {}
element ohne skalaren typ	element without scalar type
ergaenze den fehlenden fall oder '_ => { }'	add the missing arm or '_ => { }'
ergaenze den namen in der 'export'-liste des moduls	add the name to the 'export' list of the module
ergaenze einen fall '{} => {{ }}' oder '_ => {{ }}'	add an arm '{} => {{ }}' or '_ => {{ }}'
erlaubt sind '+', '-', '*', '/' und die vergleiche; fuer den rest wandle ausdruecklich um	allowed are '+', '-', '*', '/' and the comparisons; for the rest convert explicitly
erlaubt sind 'kernel' und 'app'	allowed are 'kernel' and 'app'
erlaubt sind ganzzahl-, bool- und zeigertypen	allowed are integer, bool and pointer types
erlaubt sind ganzzahlen, bool und zeiger	allowed are integers, bool and pointers
erlaubt sind ganzzahlen, bool, zeiger, Gc[T], GcWeak[T] und arrays davon	allowed are integers, bool, pointers, Gc[T], GcWeak[T] and arrays of these
erlaubt sind i8..i64, u8..u64, usize, isize	allowed are i8..i64, u8..u64, usize, isize
erreicht das ende ohne 'return'	reaches the end without 'return'
error: 'as' nicht ausfuehrbar: {} (binutils installiert?)	error: cannot run 'as': {} (binutils installed?)
error: 'ld' nicht ausfuehrbar: {} (binutils installiert?)	error: cannot run 'ld': {} (binutils installed?)
error: --package und eine eingabedatei schliessen einander aus\n	error: --package and an input file are mutually exclusive\n
error: --package und eine eingabedatei schliessen einander aus\n\0	error: --package and an input file are mutually exclusive\n\0
error: interner Fehler beim Lowering ohne Meldung	error: internal error during lowering without message
error: interner Fehler im Typpruefer ohne Meldung	error: internal error in the type checker without message
error: kann '{}' nicht schreiben: {}	error: cannot write '{}': {}
error: keine Eingabedatei angegeben (.{})	error: no input file given (.{})
error: keine Quelldatei	error: no source file
error: {}: das manifest hat keinen einstiegspunkt ('start <pfad>')	error: {}: the manifest has no entry point ('start <path>')
erster Durchlauf muss fehlerfrei sein	first run must be free of errors
erwartet '(' nach den typargumenten von '{}', gefunden '{}'	expected '(' after the type arguments of '{}', found '{}'
erwartet ')'	expected ')'
erwartet ')' ...	expected ')' ...
erwartet ';' oder ein zeilenende nach der anweisung, gefunden '{}'	expected ';' or an end of line after the statement, found '{}'
erwartet '=>' nach dem muster, gefunden '{}'	expected '=>' after the pattern, found '{}'
erwartet 'fn' in einem impl-block, gefunden '{}'	expected 'fn' in an impl block, found '{}'
erwartet 'fn' in einer schnittstelle, gefunden '{}'	expected 'fn' in an interface, found '{}'
erwartet 'fn', 'struct', 'const', 'comptime', 'import', 'export' oder 'profile' auf oberster ebene, gefunden '{}'	expected 'fn', 'struct', 'const', 'comptime', 'import', 'export' or 'profile' at top level, found '{}'
erwartet 'in', 'out' oder 'clobber' in einem asm-block, gefunden '{}'	expected 'in', 'out' or 'clobber' in an asm block, found '{}'
erwartet '{{' am anfang des funktionsrumpfes, gefunden '{}'	expected '{{' at the start of the function body, found '{}'
erwartet '{{' am anfang des methodenrumpfes, gefunden '{}'	expected '{{' at the start of the method body, found '{}'
erwartet '{{' nach '=>' (der rumpf eines falls ist ein block), gefunden '{}'	expected '{{' after '=>' (the body of an arm is a block), found '{}'
erwartet '{{' nach '{}[..]', gefunden '{}'	expected '{{' after '{}[..]', found '{}'
erwartet '{}' {}, gefunden '{}'	expected '{}' {}, found '{}'
erwartet '}' am ende des blocks, gefunden 'Dateiende'	expected '}' at the end of the block, found 'end of file'
erwartet 2 argument(e), gefunden 1	expected 2 argument(s), found 1
erwartet ein muster, gefunden '{}'	expected a pattern, found '{}'
erwartet ein zeichenkettenliteral	expected a string literal
erwartet ein zeichenkettenliteral {}, gefunden '{}'	expected a string literal {}, found '{}'
erwartet eine ganzzahl im muster, gefunden '{}'	expected an integer in the pattern, found '{}'
erwartet eine ganzzahlige arraylaenge, gefunden '{}'	expected an integer array length, found '{}'
erwartet einen ausdruck, gefunden '{}'	expected an expression, found '{}'
erwartet einen namen oder eine zahl als attributargument, gefunden '{}'	expected a name or a number as attribute argument, found '{}'
erwartet einen namen {}, gefunden '{}'	expected a name {}, found '{}'
erwartet einen typ, gefunden '{}'	expected a type, found '{}'
erwartet else-if, {:?}	expected else-if, {:?}
erwartet fehler fuer {:?}	expected error for {:?}
erwartet genau einen ausdruck in einer interpolation	expected exactly one expression in an interpolation
erwartet if, {:?}	expected if, {:?}
erwartet let, {:?}	expected let, {:?}
erwartet mehrere fehler, bekam {}:\n{}	expected several errors, got {}:\n{}
erwartet typ {}, gefunden {}	expected type {}, found {}
erwartet werden {} elemente, das literal hat {}	{} elements are expected, the literal has {}
erwartet wird 'fn main() -> i32'	'fn main() -> i32' is expected
erwartet wird 'fn main() -> i32' oder 'fn main(start: u64) -> i32' (startblock: argc, argv, envp)	'fn main() -> i32' or 'fn main(start: u64) -> i32' is expected (start block: argc, argv, envp)
erwartet wird '{}'	'{}' is expected
erwartet wird '{}' im block	'{}' is expected in the block
erwartet wird \0	is expected \0
erwartet wird die datei '{}'	the file '{}' is expected
erwartet wird die datei \0	the file is expected \0
erwartet zuweisung, {:?}	expected assignment, {:?}
erwartet {} (erfolgswert {} oder ein fehler der menge '{}'), gefunden {}	expected {} (success value {} or an error of the set '{}'), found {}
erwarteter fehler '{}' blieb aus	expected error '{}' did not appear
es fehlt {} in 'impl {} for {} {{ … }}'	{} is missing in 'impl {} for {} {{ … }}'
es gibt keine automatische dereferenzierung, schreibe '(*p).feld'	there is no automatic dereference, write '(*p).field'
es gibt keine implizite umwandlung	there is no implicit conversion
es gibt keine implizite umwandlung, benutze 'as f64'	there is no implicit conversion, use 'as f64'
es gibt keine implizite umwandlung, benutze 'as'	there is no implicit conversion, use 'as'
es gibt keine implizite umwandlung, schreibe z. B. 'x != 0'	there is no implicit conversion, write e.g. 'x != 0'
es gibt keine implizite umwandlung; schreibe z. B. 'x as i32'	there is no implicit conversion; write e.g. 'x as i32'
es muss gefaltet werden: {:?}	it must be folded: {:?}
f64 im Wertesatz	f64 in the value set
faden-primitiv mit falscher stellenzahl	thread primitive with wrong arity
falsche Kante geht direkt nach bb_e	wrong edge goes straight to bb_e
falsche argumentzahl fuer diese funktion	wrong argument count for this function
fehlermenge '{}' hat keine variante	error set '{}' has no variant
fehlermenge '{}' hat keine variante '{}'	error set '{}' has no variant '{}'
fehlermenge '{}' ist bereits deklariert	error set '{}' is already declared
fehlervariante '{}' ist in fehlermenge '{}' bereits deklariert	error variant '{}' is already declared in error set '{}'
fehlerwert der menge '{}' passt nicht zur fehlermenge '{}'	error value of the set '{}' does not fit the error set '{}'
fehlt das feld 'y'	the field 'y' is missing
feld '{}' der gc-klasse '{}' enthaelt einen schnittstellenwert	field '{}' of the gc class '{}' contains an interface value
feld '{}' hat den aufzaehlungstyp '{}' — das wird in dieser stufe nicht unterstuetzt	field '{}' has the enum type '{}' — that is not supported in this stage
feld '{}' hat typ {}, erwartet {}	field '{}' has type {}, expected {}
feld '{}' ist doppelt angegeben	field '{}' is given twice
feld '{}' ist in 'gc class {}' bereits deklariert	field '{}' is already declared in 'gc class {}'
feld '{}' ist in struct '{}' bereits deklariert	field '{}' is already declared in struct '{}'
feld '{}' ist mehrfach angegeben	field '{}' is given more than once
feld '{}' ist schon in der basis von 'gc class {}' vergeben	field '{}' is already taken in the base of 'gc class {}'
feld '{}' von 'gc class {}' erwartet {}, gefunden {}	field '{}' of 'gc class {}' expects {}, found {}
feldtyp {} ist in einer gc-klasse nicht erlaubt	field type {} is not allowed in a gc class
feldzugriff auf nicht-struct	field access on a non-struct
feldzugriff auf nicht-struct-typ i32	field access on the non-struct type i32
feldzugriff auf nicht-struct-typ {}	field access on the non-struct type {}
feldzugriff auf zeigertyp {}	field access on the pointer type {}
fir (opt):  {} Funktionen, {} Bloecke, {} Instruktionen	fir (opt):  {} functions, {} blocks, {} instructions
fir (roh):  {} Funktionen, {} Bloecke, {} Instruktionen	fir (raw):  {} functions, {} blocks, {} instructions
fuer '{}' ist kein 'impl'-block vereinbart	no 'impl' block is declared for '{}'
fuer ein feld	for a field
fuer ein feld der gc-klasse	for a field of the gc class
fuer ein feld im struct-literal	for a field in the struct literal
fuer ein structfeld	for a struct field
fuer eine schranke am typparameter	for a bound on the type parameter
fuer eine variante der aufzaehlung	for a variant of the enum
fuer eine variante der fehlermenge	for a variant of the error set
fuer einen parameter	for a parameter
fuer einen typparameter	for a type parameter
funktion '{}' erreicht das ende ohne 'return' (rueckgabetyp {})	function '{}' reaches the end without 'return' (return type {})
funktion '{}' erwartet {} argument(e), gefunden {}	function '{}' expects {} argument(s), found {}
funktion '{}' ist bereits deklariert	function '{}' is already declared
funktion fehlt	function missing
funktionszeiger gibt es in stufe 0 nicht, rufe sie mit '(...)' auf	function pointers do not exist in stage 0, call them with '(...)'
ganzzahlen	integers
ganzzahlliteral ist zu gross (mehr als 64 bit)	integer literal is too large (more than 64 bit)
ganzzahlliteral ohne ziffern (basis 	integer literal without digits (base 
ganzzahlliteral ohne ziffern (basis {})	integer literal without digits (base {})
ganzzahlliteral {} passt nicht in den typ {}	integer literal {} does not fit into the type {}
gc-allokation ohne fehlerunion	gc allocation without error union
gc-allokation ohne klasse	gc allocation without class
gc-allokation ohne ziel	gc allocation without target
geerbte feldnamen duerfen nicht erneut vergeben werden (SPEC 4.4)	inherited field names must not be assigned again (SPEC 4.4)
gemeinsame Teilausdruecke zusammenfassen	combine common subexpressions
generische funktion	generic function
generische funktion '{}' braucht typargumente, z. B. '{}[i32](..)'	generic function '{}' needs type arguments, e.g. '{}[i32](..)'
generische funktion '{}' ist bereits deklariert	generic function '{}' is already declared
generischer struct '{}' braucht typargumente, z. B. '{}[i32]'	generic struct '{}' needs type arguments, e.g. '{}[i32]'
generischer struct '{}' ist bereits deklariert	generic struct '{}' is already declared
geschachtelte interpolation: ein f\"...\" im ausdruck eines f\"...\" ist noch nicht	nested interpolation: an f\"...\" inside the expression of an f\"...\" is not yet
gesucht wird relativ zur importierenden datei, relativ zu '{}', in den quellen des projekts, in seinen abhaengigkeiten, dann in $FIRNLIB und in <verzeichnis des compiler-binarys>/../lib	the search runs relative to the importing file, relative to '{}', in the sources of the project, in its dependencies, then in $FIRNLIB and in <directory of the compiler binary>/../lib
gib den typ an, z. B. '5 as i32' oder 'let x: i32 = 5'	give the type, e.g. '5 as i32' or 'let x: i32 = 5'
gib den typ an, z. B. 'var a: [i32; 3] = [1, 2, 3]'	give the type, e.g. 'var a: [i32; 3] = [1, 2, 3]'
gibt_es_nicht	does_not_exist
gleitkomma ({}) ist im profil 'kernel' nur mit #[allow_fp] erlaubt — '{}' hat das attribut nicht	floating point ({}) is allowed in profile 'kernel' only with #[allow_fp] — '{}' does not have the attribute
gleitkomma im profil 'kernel' erlauben, FPU-Zustand (SPEC 2)	allow floating point in profile 'kernel', FPU state (SPEC 2)
gleitkomma ist zur uebersetzungszeit noch nicht moeglich	floating point is not yet possible at compile time
gleitkommaliteral: nach 'e' fehlen die ziffern des exponenten	floating point literal: the digits of the exponent are missing after 'e'
heisst wie das paket selbst	has the same name as the package itself
hier sind nur literale, namen, operatoren und aufrufe erlaubt	only literals, names, operators and calls are allowed here
hier sind nur literale, namen, operatoren, umwandlungen und aufrufe erlaubt	only literals, names, operators, conversions and calls are allowed here
hier wird ein wahrheitswert vom typ bool erwartet, gefunden ein ganzzahlliteral	a truth value of type bool is expected here, found an integer literal
hinweis: weitere Fehler in '{}' wurden unterdrueckt ({} angezeigt)	note: further errors in '{}' were suppressed ({} shown)
in 'gc {}{{…}}' fehlen die felder: {}	the fields are missing in 'gc {}{{…}}': {}
in der export-liste	in the export list
in dieser uebersetzung ist keine schnittstelle vereinbart	no interface is declared in this compilation
in einem modulpfad nach 'import'	in a module path after 'import'
in einem zeichenkettenliteral: 	in a string literal: 
in einem zeichenkettenliteral: {}	in a string literal: {}
index auf nicht-array-typ i32	index on the non-array type i32
index auf nicht-array-typ {}	index on the non-array type {}
index auf nicht-indizierbarem typ	index on a non-indexable type
index muss vom typ usize sein	index must be of type usize
index muss vom typ usize sein, gefunden {}	index must be of type usize, found {}
interner Fehler: '!' ist fuer f64 nicht definiert	internal error: '!' is not defined for f64
interner Fehler: Bedingung %{} in '{}' ist {}, erwartet bool	internal error: condition %{} in '{}' is {}, expected bool
interner Fehler: Binaeroperation ohne Ziel	internal error: binary operation without target
interner Fehler: Block bb{} in '{}' hat keinen Terminator	internal error: block bb{} in '{}' has no terminator
interner Fehler: Inline-Assembler/MMIO im registerzuteilenden Pfad	internal error: inline assembler/MMIO in the register-allocating path
interner Fehler: Umwandlung ohne Ziel	internal error: conversion without target
interner Fehler: Unaeroperation ohne Ziel	internal error: unary operation without target
interner Fehler: Vergleich ohne Ziel	internal error: comparison without target
interner Fehler: alloca ohne Platz	internal error: alloca without space
interner Fehler: alloca ohne Ziel	internal error: alloca without target
interner Fehler: asm mit out ohne Ziel	internal error: asm with out but without target
interner Fehler: atomadd ohne Ziel	internal error: atomadd without target
interner Fehler: atomcas ohne Ziel	internal error: atomcas without target
interner Fehler: barrier ohne Ziel	internal error: barrier without target
interner Fehler: cmp+jcc ohne Vergleich	internal error: cmp+jcc without comparison
interner Fehler: cmp+jcc ohne brcond	internal error: cmp+jcc without brcond
interner Fehler: const ohne Ziel	internal error: const without target
interner Fehler: emit_switch ohne switch	internal error: emit_switch without switch
interner Fehler: gc_state ohne Ziel	internal error: gc_state without target
interner Fehler: leerer Block bei cmp+jcc	internal error: empty block at cmp+jcc
interner Fehler: load ohne Ziel	internal error: load without target
interner Fehler: mmio_load ohne Ziel	internal error: mmio_load without target
interner Fehler: operator '{:?}' ist fuer f64 nicht definiert	internal error: operator '{:?}' is not defined for f64
interner Fehler: ptradd ohne Ziel	internal error: ptradd without target
interner Fehler: select ohne Ziel	internal error: select without target
interner Fehler: spawn ohne Ziel	internal error: spawn without target
interner Fehler: switch ueber void	internal error: switch over void
interner Fehler: switch-Wert liegt in rax	internal error: switch value is in rax
interner Fehler: syscall ohne Nummer	internal error: syscall without number
interner Fehler: threadself ohne Ziel	internal error: threadself without target
interner Fehler: vtab ohne Ziel	internal error: vtab without target
interner fehler beim uebersetzen nach FIR: alloca ausserhalb des eintrittsblocks in '{}'	internal error while lowering to FIR: alloca outside the entry block in '{}'
interner fehler beim uebersetzen nach FIR: block bb{} in '{}' ohne terminator	internal error while lowering to FIR: block bb{} in '{}' without terminator
interner fehler beim uebersetzen nach FIR: signatur von '{}' fehlt	internal error while lowering to FIR: signature of '{}' is missing
interner fehler beim uebersetzen nach FIR: {}	internal error while lowering to FIR: {}
interner fehler: unbekannter asm-block	internal error: unknown asm block
interner fehler: unbekannter musterabgleich	internal error: unknown pattern match
interpolation f\"...\" ausserhalb einer anweisung (etwa in einer const) ist nicht sagbar	interpolation f\"...\" outside a statement (for example in a const) cannot be expressed
ist keine funktion dieses programms	is not a function of this program
ist keine lokale variable	is not a local variable
jede schranke wird hoechstens einmal genannt	each bound is named at most once
jeder pfad muss mit 'return <wert>' enden	every path must end with 'return <value>'
kann '{}' nicht lesen: {}	cannot read '{}': {}
kann \0	cannot \0
kein Einstiegspunkt: 'fn main() -> i32' fehlt	no entry point: 'fn main() -> i32' is missing
kein Sammellauf in diesem Aufrufbaum (SPEC 3.5.4)	no collection run in this call tree (SPEC 3.5.4)
kein Sprung auf Geheimnisdaten, im Codegen geprueft (SPEC 9.2)	no jump on secret data, checked in the code generator (SPEC 9.2)
kein ```firdump-Block in docs/FIR.md gefunden	no ```firdump block found in docs/FIR.md
kein cmov:\n{}	no cmov:\n{}
kein gueltiges UTF-8	not valid UTF-8
kein manifest in '{}'	no manifest in '{}'
kein manifest in \0	no manifest in \0
kein skalierter Speicheroperand:\n{}	no scaled memory operand:\n{}
kein typ erfuellt diese schranke	no type satisfies this bound
kein typ setzt '{}' um	no type implements '{}'
kein zeichenkettenliteral: erwartet \"...\", b\"...\" oder u\"...\", gefunden {}	not a string literal: expected \"...\", b\"...\" or u\"...\", found {}
kein zusaetzlicher pfad	no additional path
kein zuweisbarer ausdruck	not an assignable expression
keine Bloecke	no blocks
keine Eingabedatei angegeben (.{})	no input file given (.{})
keine funktion 'main'	no function 'main'
keine sprungtabelle:\n{}	no jump table:\n{}
konstante '{}' hat typ {}, der wert ist vom typ {}	constant '{}' has type {}, the value is of type {}
konstante '{}' ist bereits deklariert	constant '{}' is already declared
konstante mit nicht-skalarem typ	constant with a non-scalar type
konstanter ausdruck darf keine zeiger benutzen	a constant expression must not use pointers
konstanter ausdruck ist zu tief verschachtelt	constant expression is nested too deeply
konstanter ausdruck muss zur uebersetzungszeit auswertbar sein (nur literale, konstanten, operatoren und aufrufe)	a constant expression must be evaluable at compile time (only literals, constants, operators and calls)
lagere den musterabgleich in eine nicht generische funktion aus	move the pattern match into a non-generic function
laufzeit ohne '{}'	runtime without '{}'
leere und einfach verkettete Basisbloecke verschmelzen	merge empty and singly linked basic blocks
leeres zeichenkettenliteral	empty string literal
linke seite ist kein zuweisbarer ausdruck (variable, feld, index oder '*zeiger')	left side is not an assignable expression (variable, field, index or '*pointer')
literal eines aggregats als wert	literal of an aggregate as a value
literal erwartet	literal expected
lowering lieferte kein modul	lowering yielded no module
main fehlt	main is missing
maskierung am ende des literals	escape at the end of the literal
mehr als eine Eingabedatei angegeben	more than one input file given
mehrere module deklarieren einen typ dieses namens	several modules declare a type of this name
mehrfachvererbung ist nicht erlaubt	multiple inheritance is not allowed
meldung '{}' fehlt in:\n{}	message '{}' is missing in:\n{}
meldung fehlt:\n{}	message missing:\n{}
methode '{}' auf einem wert vom typ {} — dieser typ kann keine methoden haben	method '{}' on a value of type {} — this type cannot have methods
methode '{}' erwartet {} argument(e), gefunden {}	method '{}' expects {} argument(s), found {}
methodenaufruf ohne empfaenger	method call without receiver
mit 'let' gebunden	bound with 'let'
mmio-lesen mit falscher stellenzahl	mmio read with wrong arity
mmio-schreiben mit falscher stellenzahl	mmio write with wrong arity
modul 'm' steht mehrfach	module 'm' appears more than once
modul '{}' hat kein element '{}'	module '{}' has no element '{}'
modul '{}' ist in paket '{}' nicht oeffentlich	module '{}' is not public in package '{}'
modul '{}' ist nicht eingebunden	module '{}' is not imported
modul '{}' steht mehrfach in 'public'	module '{}' appears more than once in 'public'
modul '{}' wird mehrfach eingebunden	module '{}' is imported more than once
modul '{}' wurde nicht gefunden	module '{}' was not found
modul \0	module \0
monomorphisierung: zu viele auspraegungen (rekursive generische verwendung?)	monomorphization: too many instantiations (recursive generic use?)
muster 'true'/'false' passt nicht zum typ {}	pattern 'true'/'false' does not fit the type {}
muster '{}::{}' erwartet {} untermuster, gefunden {}	pattern '{}::{}' expects {} subpatterns, found {}
muster der aufzaehlung '{}' passt nicht zum typ '{}'	pattern of the enum '{}' does not fit the type '{}'
muster der aufzaehlung '{}' passt nicht zum typ {}	pattern of the enum '{}' does not fit the type {}
muster ist zu tief verschachtelt (mehr als 32 ebenen)	pattern is nested too deeply (more than 32 levels)
nach '(' — der nullwert hat kein argument	after '(' — the null value has no argument
nach '.' beim feldzugriff	after '.' in the field access
nach 'fn' in einem impl-block	after 'fn' in an impl block
nach 'fn' in einer schnittstelle	after 'fn' in an interface
nach 'for' in 'impl … for …'	after 'for' in 'impl … for …'
nach '{}' fehlt die aufgeschobene anweisung	the deferred statement is missing after '{}'
nach '|' in 'catch |e|'	after '|' in 'catch |e|'
nach dem Aufbau nicht mehr verschiebbar (DESIGN_GOALS 6)	no longer movable after construction (DESIGN_GOALS 6)
nach dem attribut	after the attribute
nach dem ausdruck von 'match'	after the expression of 'match'
nach dem bereich von 'for'	after the range of 'for'
nach dem elementtyp eines arraytyps	after the element type of an array type
nach dem feldnamen	after the field name
nach dem feldnamen im struct-literal	after the field name in the struct literal
nach dem funktionsnamen	after the function name
nach dem geklammerten ausdruck	after the parenthesized expression
nach dem index	after the index
nach dem methodennamen	after the method name
nach dem namen der aufzaehlung	after the name of the enum
nach dem namen der fehlerbindung	after the name of the error binding
nach dem namen der fehlermenge	after the name of the error set
nach dem namen der gc-klasse	after the name of the gc class
nach dem namen der schnittstelle	after the name of the interface
nach dem namen einer konstanten	after the name of a constant
nach dem namen in einer '{}'-anweisung	after the name in a '{}' statement
nach dem operandenwort eines asm-blocks	after the operand word of an asm block
nach dem parameternamen	after the parameter name
nach dem registernamen eines asm-blocks	after the register name of an asm block
nach dem schleifennamen	after the loop name
nach dem structnamen	after the struct name
nach dem strukturnamen	after the structure name
nach dem typ einer konstanten	after the type of a constant
nach dem typargument	after the type argument
nach dem typargument von 'size_of'	after the type argument of 'size_of'
nach dem typnamen in 'impl'	after the type name in 'impl'
nach den argumenten von 'syscall'	after the arguments of 'syscall'
nach den attributargumenten	after the attribute arguments
nach den elementen des arrayliterals	after the elements of the array literal
nach den nutzdaten der variante	after the payload of the variant
nach den nutzdaten einer variante	after the payload of a variant
nach den operanden des asm-blocks	after the operands of the asm block
nach den typargumenten	after the type arguments
nach den untermustern	after the subpatterns
nach der argumentliste	after the argument list
nach der argumentliste eines methodenaufrufs	after the argument list of a method call
nach der arraylaenge	after the array length
nach der bedingung von 'if'	after the condition of 'if'
nach der bedingung von 'while'	after the condition of 'while'
nach der laenge des wiederholungsliterals	after the length of the repetition literal
nach der parameterliste	after the parameter list
nach der typparameterliste	after the type parameter list
name ist hier nicht bekannt	name is not known here
namenskonflikt: modul '{}' kommt aus zwei dateien	name conflict: module '{}' comes from two files
namenskonflikt: modul \0	name conflict: module \0
nicht abgeschlossen	not terminated
nicht erlaubt	not allowed
nicht verkettbar	not linkable
nicht vollstaendig	not exhaustive
nichts haette wandern duerfen	nothing should have moved
nichts hochgezogen	nothing hoisted
nur direkte funktionsnamen koennen aufgerufen werden (zeigeraufrufe werden in Stufe 0 nicht unterstuetzt)	only direct function names can be called (pointer calls are not supported in stage 0)
nur im profil 'kernel'	only in profile 'kernel'
nur zuweisungen an eine lokale variable (kein feld, kein index)	only assignments to a local variable (no field, no index)
nur {} tabelleneintraege	only {} table entries
nutzdaten einer variante koennen nicht den typ '()' haben	the payload of a variant cannot have the type '()'
nutzdatenfeld ohne offset	payload field without offset
nutzdatenfeld ohne typ	payload field without type
nutzdatenwert {} von '{}::{}' hat typ {}, erwartet {}	payload value {} of '{}::{}' has type {}, expected {}
ohne abschliessendes	without a closing
operator '{}' erwartet ganzzahltypen, gefunden {} und {}	operator '{}' expects integer types, found {} and {}
operator '{}' erwartet operanden vom typ bool, gefunden {}	operator '{}' expects operands of type bool, found {}
operator '{}' erwartet zwei operanden desselben ganzzahltyps, gefunden {} und {}	operator '{}' expects two operands of the same integer type, found {} and {}
operator '{}' erwartet zwei operanden desselben typs, gefunden {} und {}	operator '{}' expects two operands of the same type, found {} and {}
operator '{}' ist fuer den typ {} nicht definiert	operator '{}' is not defined for the type {}
operator '{}' ist fuer f64 nicht definiert	operator '{}' is not defined for f64
paket '{}' ist keine abhaengigkeit von paket '{}'	package '{}' is not a dependency of package '{}'
paket '{}' steht mehrfach als abhaengigkeit im manifest	package '{}' appears more than once as a dependency in the manifest
paket \0	package \0
paketzyklus: \0	package cycle: \0
paketzyklus: {}	package cycle: {}
parameter '{}' ist bereits deklariert	parameter '{}' is already declared
parameter {} von '{}.{}' hat typ {}, die schnittstelle '{}' verlangt {}	parameter {} of '{}.{}' has type {}, the interface '{}' requires {}
position fehlt:\n{}	position missing:\n{}
register '{}' ist im asm-block nicht erlaubt ({})	register '{}' is not allowed in the asm block ({})
rueckgabe ohne wort	return without word
rufe sie ueber eine schranke auf: 'fn f[T: {}](x: *T)' — dort steht der typ fest	call it via a bound: 'fn f[T: {}](x: *T)' — there the type is fixed
schnittstellenmethode ohne signatur im lowering	interface method without signature in lowering
schnittstellenwert aus einem nicht-zeiger	interface value from a non-pointer
schnittstellenwert aus einem zeiger ohne struct	interface value from a pointer without struct
schnittstellenwert ohne struct-typ	interface value without struct type
schreibe 'profile kernel' in die erste zeile oder uebersetze mit --profile=kernel	write 'profile kernel' in the first line or compile with --profile=kernel
schreibe das attribut vor die einzelne methode	write the attribute before the individual method
schreibe den rueckgabetyp als 'E!T' oder benutze 'catch'	write the return type as 'E!T' or use 'catch'
secret[T] und die Constant-Time-Primitive (SPEC §9) sind nicht umgesetzt; siehe ACCEPTANCE.md	secret[T] and the constant-time primitives (SPEC §9) are not implemented; see ACCEPTANCE.md
sie kommt mit der GC-Laufzeit (lib/gc/gc.fi) und wird automatisch eingezogen	it comes with the GC runtime (lib/gc/gc.fi) and is pulled in automatically
signatur von f	signature of f
source 's' steht mehrfach	source 's' appears more than once
source '{}' steht mehrfach im manifest	source '{}' appears more than once in the manifest
spalte {}: {}	column {}: {}
stabiles ABI ueber Komponentengrenzen (DESIGN_GOALS 4)	stable ABI across component boundaries (DESIGN_GOALS 4)
steht mehrfach als abhaengigkeit	appears more than once as a dependency
struct '{}' enthaelt sich selbst (direkt oder indirekt)	struct '{}' contains itself (directly or indirectly)
struct '{}' hat kein feld '{}'	struct '{}' has no field '{}'
struct '{}' ist bereits deklariert	struct '{}' is already declared
struct-literal '{}' fehlt das feld '{}'	struct literal '{}' is missing the field '{}'
struct-literal ohne struct-typ	struct literal without struct type
switch-Wert ging ueber den Rahmen:\n{}	switch value went out of range:\n{}
syscall mit mehr als 6 Argumenten	syscall with more than 6 arguments
syscall mit {} Argumenten	syscall with {} arguments
tabelle nicht in .rodata:\n{}	table not in .rodata:\n{}
testprogramm fehlt	test program missing
to_utf8   nichts (ungepaartes surrogat)\n	to_utf8   nothing (unpaired surrogate)\n
to_utf8 muss scheitern	to_utf8 must fail
typ '{}' hat keine methode '{}'	type '{}' has no method '{}'
typ '{}' ist bereits deklariert	type '{}' is already declared
typ '{}' setzt die schnittstelle '{}' nicht um — schranke am typparameter '{}' von '{}'	type '{}' does not implement the interface '{}' — bound on the type parameter '{}' of '{}'
typ des array-literals ist nicht ableitbar	the type of the array literal cannot be inferred
typ des ganzzahlausdrucks in 'match' ist nicht ableitbar	the type of the integer expression in 'match' cannot be inferred
typ des ganzzahlliterals ist nicht ableitbar	the type of the integer literal cannot be inferred
typ ist zu tief verschachtelt (mehr als 200 ebenen)	type is nested too deeply (more than 200 levels)
typargument '{}' erfuellt die schranke '{}' des typparameters '{}' von '{}' nicht	type argument '{}' does not satisfy the bound '{}' of the type parameter '{}' of '{}'
typparameter '{}' ist bereits deklariert	type parameter '{}' is already declared
ueberfluessige Nullerweiterung:\n{}	superfluous zero extension:\n{}
umsetzung ohne methodentafel im lowering	implementation without method table in lowering
umwandlung in einen nicht-schnittstellentyp	conversion into a non-interface type
umwandlung von P nach i32 ist nicht erlaubt	conversion from P to i32 is not allowed
umwandlung von {} nach {} ist nicht erlaubt	conversion from {} to {} is not allowed
unaeres '!' erwartet den typ bool, gefunden {}	unary '!' expects the type bool, found {}
unaeres '-' erwartet einen ganzzahltyp, gefunden {}	unary '-' expects an integer type, found {}
unbalancierte klammer in einer interpolation: '{' im ausdruck	unbalanced brace in an interpolation: '{' inside the expression
unbalancierte klammer in einer interpolation: '{' ohne '}'	unbalanced brace in an interpolation: '{' without '}'
unbalancierte klammer in einer interpolation: '}' ohne '{'	unbalanced brace in an interpolation: '}' without '{'
unbekannte Baustufe '{}' (erlaubt: dev, dev-fast, release-safe, release-fast)	unknown build level '{}' (allowed: dev, dev-fast, release-safe, release-fast)
unbekannte Option '{}'	unknown option '{}'
unbekannte aufzaehlung '{}'	unknown enum '{}'
unbekannte basisklasse '{}'	unknown base class '{}'
unbekannte fehlermenge '{}'	unknown error set '{}'
unbekannte funktion	unknown function
unbekannte funktion '{}'	unknown function '{}'
unbekannte funktion im lowering	unknown function in lowering
unbekannte gc-klasse '{}'	unknown gc class '{}'
unbekannte generische funktion '{}'	unknown generic function '{}'
unbekannte maskierung	unknown escape
unbekannte maskierung '\\	unknown escape '\\
unbekannte maskierung '\\{}'	unknown escape '\\{}'
unbekannte methode im lowering	unknown method in lowering
unbekannte schnittstelle '{}'	unknown interface '{}'
unbekannte schnittstelle '{}' als schranke am typparameter '{}' von '{}'	unknown interface '{}' as bound on the type parameter '{}' of '{}'
unbekannte schnittstellenmethode im lowering	unknown interface method in lowering
unbekannte variante im lowering	unknown variant in lowering
unbekannter Name im Nachtrag muss auffallen	unknown name in the addendum must be noticed
unbekannter Optimierungsdurchgang '{}' — '--list-passes' zeigt alle	unknown optimization pass '{}' — '--list-passes' shows all
unbekannter Sprung {}	unknown jump {}
unbekannter asm-block im lowering	unknown asm block in lowering
unbekannter binaeroperator	unknown binary operator
unbekannter generischer struct '{}'	unknown generic struct '{}'
unbekannter musterabgleich	unknown pattern match
unbekannter name	unknown name
unbekannter name 'nix'	unknown name 'nix'
unbekannter name '{}'	unknown name '{}'
unbekannter name im lowering	unknown name in lowering
unbekannter operator	unknown operator
unbekannter registername '{}' im asm-block ({})	unknown register name '{}' in the asm block ({})
unbekannter schluessel 'publi'	unknown key 'publi'
unbekannter schluessel '{}' (erlaubt: package, version, start, source, public, needs)	unknown key '{}' (allowed: package, version, start, source, public, needs)
unbekannter schluessel \0	unknown key \0
unbekannter struct-typ '{}'	unknown struct type '{}'
unbekannter typ 'T'	unknown type 'T'
unbekannter typ '{}'	unknown type '{}'
unbekanntes Ausgabeziel '{}'	unknown output target '{}'
unbekanntes asm-register '{}'	unknown asm register '{}'
unbekanntes attribut '{}'	unknown attribute '{}'
unbekanntes feld im lowering	unknown field in lowering
unbekanntes feld in der gc-allokation	unknown field in the gc allocation
unbekanntes profil '{}'	unknown profile '{}'
unbekanntes profil '{}' (erlaubt: kernel, app)	unknown profile '{}' (allowed: kernel, app)
unbekanntes zeichen '	unknown character '
unbekanntes zeichen '{}' im quelltext	unknown character '{}' in the source text
unerreichbare Bloecke und unbenutzte reine Instruktionen entfernen	remove unreachable blocks and unused pure instructions
unerwartete Tabelle:\n{}	unexpected table:\n{}
unerwartete fehler:\n{}	unexpected errors:\n{}
unerwarteter fehler:\n{}	unexpected error:\n{}
ungueltige version '1.0'	invalid version '1.0'
ungueltige version '{}' (erwartet zahl.zahl.zahl)	invalid version '{}' (expected number.number.number)
ungueltige version \0	invalid version \0
ungueltiger name '1a'	invalid name '1a'
ungueltiger name '{}' (buchstabe zuerst, dann buchstaben, ziffern, unterstrich)	invalid name '{}' (letter first, then letters, digits, underscore)
ungueltiger name \0	invalid name \0
ungueltiger pfad '../x.fi'	invalid path '../x.fi'
ungueltiger pfad '/x.fi'	invalid path '/x.fi'
ungueltiger pfad '{}' (relativ, ohne '..')	invalid path '{}' (relative, without '..')
ungueltiger pfad \0	invalid path \0
ungueltiges zeichen '	invalid character '
ungueltiges zeichen '{}' in einem ganzzahlliteral zur basis {}	invalid character '{}' in an integer literal to base {}
unterbrechungs-einsprungpunkt: alle register retten, iretq (SPEC 2)	interrupt entry point: save all registers, iretq (SPEC 2)
unterstes Bit	lowest bit
unvollstaendiges match muss ein fehler sein:\n{}	an inexhaustive match must be an error:\n{}
variante '{}' ist in aufzaehlung '{}' bereits deklariert	variant '{}' is already declared in enum '{}'
variante '{}::{}' erwartet {} nutzdatenwert(e), gefunden {}	variant '{}::{}' expects {} payload value(s), found {}
variantenmuster auf nicht-aufzaehlung	variant pattern on a non-enum
variantenmuster ohne aufzaehlung	variant pattern without enum
vergleich erwartet zwei fehlerwerte derselben menge, gefunden {} und {}	comparison expects two error values of the same set, found {} and {}
vergleich zwischen unterschiedlichen typen {} und {}	comparison between different types {} and {}
vergleiche sind nicht verkettbar, setze klammern um den ersten vergleich	comparisons are not chainable, put parentheses around the first comparison
verschiebeweite ausserhalb 0..63	shift amount outside 0..63
verschiebeweite im konstanten ausdruck ist zu gross	shift amount in the constant expression is too large
vor 'impl' ist kein attribut erlaubt	no attribute is allowed before 'impl'
vor 'interface' ist kein attribut erlaubt	no attribute is allowed before 'interface'
wahrheitswert vom typ bool erwartet	truth value of type bool expected
wiederholungsliteral ohne array-typ	repetition literal without array type
wiederholungsliteral ohne wert	repetition literal without value
zahl {} passt nicht in den typ {}	number {} does not fit into the type {}
zahlenmuster auf nicht skalarem feld	number pattern on a non-scalar field
zahlenmuster passt nicht zum typ {}	number pattern does not fit the type {}
zeichen '	character '
zeichenkettenliteral ohne abschliessendes \"	string literal without a closing \"
zeiger sind im konstanten ausdruck nicht erlaubt	pointers are not allowed in a constant expression
zeigeroperationen gibt es zur uebersetzungszeit nicht	pointer operations do not exist at compile time
zu tief verschachtelt (mehr als {} ebenen)	nested too deeply (more than {} levels)
zu wenige Register vergeben: {}	too few registers assigned: {}
zur Laufzeit austauschbar (DESIGN_GOALS 9, ohne Termin)	exchangeable at run time (DESIGN_GOALS 9, no date)
zuweisung erwartet typ {}, gefunden {}	assignment expects type {}, found {}
zwei MMIO-Lasten wurden zu einer:\n{}	two MMIO loads became one:\n{}
zwischen anfang und ende des bereichs	between start and end of the range
{ganzzahl}	{integer}
{} '{}' erwartet {} typargument(e), gefunden {}	{} '{}' expects {} type argument(s), found {}
{} Fehler gefunden\n	{} errors found\n
{} darf kein u\"…\"-literal sein	{} must not be a u\"…\" literal
{} gilt unerwartet als umgesetzt	{} unexpectedly counts as implemented
{} muss gueltiges UTF-8 sein	{} must be valid UTF-8
{}:{}: abhaengigkeit '{}' hat kein manifest	{}:{}: dependency '{}' has no manifest
{}:{}: abhaengigkeit '{}' zeigt auf paket '{}'	{}:{}: dependency '{}' points to package '{}'
'datei_byte' erwartet pfad und index	'file_byte' expects path and index
'datei_groesse' erwartet genau ein argument	'file_size' expects exactly one argument
'emit_roh' erwartet genau ein argument	'emit_raw' expects exactly one argument
'emit_zahl' erwartet genau ein argument	'emit_number' expects exactly one argument
'stark' erwartet einen GcWeak[T], gefunden {}	'strong' expects a GcWeak[T], found {}
'weak' erwartet einen Gc[T], gefunden {}	'weak' expects a Gc[T], found {}
Funktion	function
Modul	module
hier	here
lea_moeglich hat den Fall zugesichert	lea_possible has guaranteed the case
lea_moeglich verlangt ein Zielregister	lea_possible requires a target register
nach '#'	after '#'
nach '.as?'	after '.as?'
nach '::'	after '::'
nach '::' im muster	after '::' in the pattern
nach 'Gc'/'GcWeak'	after 'Gc'/'GcWeak'
nach 'GcVec'/'GcMap'	after 'GcVec'/'GcMap'
nach 'comptime'	after 'comptime'
nach 'const'	after 'const'
nach 'else'	after 'else'
nach 'enum'	after 'enum'
nach 'error'	after 'error'
nach 'export'	after 'export'
nach 'extends'	after 'extends'
nach 'fn'	after 'fn'
nach 'for'	after 'for'
nach 'gc class'	after 'gc class'
nach 'gc_null'/'weak_null'	after 'gc_null'/'weak_null'
nach 'impl'	after 'impl'
nach 'interface'	after 'interface'
nach 'profile'	after 'profile'
nach 'size_of['	after 'size_of['
nach 'struct'	after 'struct'
nach 'syscall'	after 'syscall'
nach '{}'	after '{}'
ohne #[no_gc]	without #[no_gc]
to_utf8   nichts	to_utf8   nothing
typ des literals ...	type of the literal ...
leerer dateiname                               	empty file name                                
typ {:?}	type {:?}
    # interrupt: alle universalregister retten	    # interrupt: save all general purpose registers
  ({} asm-bloecke)	  ({} asm blocks)
  fehler 	  error 
  gleit_langsam 	  float_slow 
  hinweis: 	  note: 
  hinweis: {}\n	  note: {}\n
 (buchstabe zuerst, dann buchstaben, ziffern, unterstrich)\0	 (letter first, then letters, digits, underscore)\0
 <pfad>' in \0	 <path>' in \0
 = hinweis: 	 = note: 
 ausrichtung 	 align 
 klasse 	 class 
 nennt sich selbst \0	 names itself \0
 versatz 	 offset 
' in einem ganzzahlliteral zur basis 	' in an integer literal to base 
'{}' hat: {}	'{}' has: {}
'{}' nennt sich selbst '{}'	'{}' names itself '{}'
'{}' setzen um: {}	'{}' implement: {}
'{}.{}' liefert {}, die schnittstelle '{}' verlangt {}	'{}.{}' returns {}, the interface '{}' requires {}
(fehler)	(error)
(leer)	(empty)
(programm\n	(program\n
(ruf 	(call 
(ruf {}	(call {}
.L__gc_typtabelle	.L__gc_typetable
.L__gc_typtabelle.s	.L__gc_typetable.s
.L__gc_typtabelle.w	.L__gc_typetable.w
.L__gc_typtabelle:	.L__gc_typetable:
.L__gc_zustand	.L__gc_state
.L__gc_zustand:	.L__gc_state:
0.1.0 (Stufe 0)	0.1.0 (stage 0)
<fehler>	<error>
<gc-suche>	<gc-search>
<import-suche>	<import-search>
Adressrechnung blieb stehen:\n{}	address computation remained:\n{}
Fehler	error
Kopien fortpflanzen, algebraische Identitaeten	propagate copies, algebraic identities
NEIN	NO
Registerpfad zustaendig	register path responsible
Skalierung blieb stehen:\n{}	scaling remained:\n{}
Sprungfaedelung durch Bool-Zellen (Kurzschluss && / ||)	jump threading through bool cells (short circuit && / ||)
Stufe 0	stage 0
aggregat-parameter abgelehnt:\n{}	aggregate parameter rejected:\n{}
als_str16 	as_str16 
atom      {} (tabelle {} eintraege, leer {}, wtf8 {})\n	atom      {} (table {} entries, empty {}, wtf8 {})\n
bedingter Sprung: {}	conditional jump: {}
bedingter sprung in 'waehle': {}\n{}	conditional jump in 'select': {}\n{}
beide fehlermengen muessen dieselbe sein	both error sets must be the same
benutze 'var' statt 'let'	use 'var' instead of 'let'
beweisbar immer erfuellte Bereichspruefungen entfernen	remove provably always satisfied bounds checks
comptime: division durch null	comptime: division by zero
comptime: mehr als {} schritte — endlosschleife?	comptime: more than {} steps — endless loop?
die variante {} ist	the variant {} is
division durch null	division by zero
ein gleitkommaliteral	a floating point literal
einen struct	a struct
einheiten 	units 
enthaelt sich selbst	contains itself
ergaenze 'needs {} <pfad>' in '{}'	add 'needs {} <path>' in '{}'
error: 'as' schlug fehl ({})	error: 'as' failed ({})
error: 'ld' schlug fehl ({})	error: 'ld' failed ({})
es fehlen die typargumente	the type arguments are missing
fehler:\n{}	error:\n{}
gleitkomma	floating point
haeufige atome haben kleine nummern	frequent atoms have small numbers
hinweis: '{} --help' zeigt die Optionen	note: '{} --help' shows the options
hinweis: \0	note: \0
in einem textsegment einer interpolation: {}	in a text segment of an interpolation: {}
inline: {} <- {} ({} insts, {} bloecke)	inline: {} <- {} ({} insts, {} blocks)
konst	const
konst 	const 
layout-programm fehlerhaft:\n{}	layout program faulty:\n{}
lea rax, [rip + .L__gc_zustand]	lea rax, [rip + .L__gc_state]
literal sollte gueltig sein	literal should be valid
manifest sollte gueltig sein	manifest should be valid
mehr als 2000000 schritte — endlosschleife?	more than 2000000 steps — endless loop?
mehr als 64 verschachtelte aufrufe	more than 64 nested calls
mehr als eine 'profile'-deklaration	more than one 'profile' declaration
meintest du '{}'? '--list-attrs' zeigt alle	did you mean '{}'? '--list-attrs' shows all
methode 	method 
nein	no
nutzdaten	payload
oktette   	octets    
opt: {} Konstanten gefaltet, {} Instruktionen entfernt, {} Bloecke entfernt	opt: {} constants folded, {} instructions removed, {} blocks removed
profil:     {}{}	profile:    {}{}
rest bei division durch null	remainder on division by zero
schleifeninvariante Berechnungen in den Vorkopf ziehen	hoist loop invariant computations into the preheader
schreibe '(&x) as dyn {}'	write '(&x) as dyn {}'
schreibe (*x).{}(…)	write (*x).{}(…)
schreibe (*x).{}(…), wenn die kopie gemeint ist	write (*x).{}(…) if the copy is meant
schreibe z. B. 'a[i as usize]'	write e.g. 'a[i as usize]'
schreibe z. B. 'for i in 0 as usize..n'	write e.g. 'for i in 0 as usize..n'
schreibe z. B. 'x as i32'	write e.g. 'x as i32'
secure_zero entfernt:\n{}	secure_zero removed:\n{}
umgesetzt	implemented
unbedingter Sprung hinter bedingtem:\n{}	unconditional jump after conditional:\n{}
ungepaartes surrogat U+	unpaired surrogate U+
ungepaartes surrogat U+D800	unpaired surrogate U+D800
ungepaartes surrogat U+DC00	unpaired surrogate U+DC00
vier hexadezimalziffern	four hexadecimal digits
waehle:	select:
{} = hinweis: {}\n	{} = note: {}\n
{} vergleiche statt tabelle:\n{}	{} comparisons instead of table:\n{}
{}\"…\" ({} elemente)	{}\"…\" ({} elements)
 (erlaubt: package, version, start, source, public, needs)\0	 (allowed: package, version, start, source, public, needs)\0
