# firn-gc-frag v1 mode=0 (0=replace/flat, 1=keep/must grow)
# columns: t_ms rounds rss_kib live heap_bytes live_bytes collections pause_ns_max asked
2376	48500	15312	2079	15536128	5054736	80	15245852	193799400
4767	98500	4844	1982	4820992	412992	160	15245852	389557528
7196	148500	16936	2082	17199104	5215424	241	15245852	582584272
9688	198500	3136	1978	3072000	353600	322	15245852	777965688
12018	248500	21020	2085	21381120	5226352	402	15245852	972259408
14441	298500	3616	1968	3563520	346720	485	21456900	1168978632
16977	348500	16100	2081	16343040	5250352	566	21456900	1363209336
19481	398500	4416	1975	4382720	371312	646	21456900	1558469056
21896	448500	15592	2077	15822848	5158096	727	21456900	1752180248
24211	498500	2932	1966	2859008	347072	808	21456900	1946652016
27532	548500	19544	2089	19869696	5200784	887	34038657	2139358352
32437	598500	3732	1973	3682304	356368	968	36187237	2335769640
39114	648500	17608	2062	17887232	5085856	1048	58820818	2528519808
44044	698500	3152	1957	3088384	342800	1129	58820818	2723863072
53697	748500	18760	2086	19066880	5211872	1208	60910167	2916738880
56451	798500	3820	1980	3772416	376928	1289	60910167	3112351104
59129	848500	20656	2086	21008384	5291744	1368	60910167	3304762808
61866	898500	3300	1979	3239936	354800	1449	60910167	3500530720
65493	948500	15308	2090	15532032	4889056	1528	60910167	3692516600
69474	998500	2764	1980	2686976	369024	1608	60910167	3889027848
72322	1048500	15188	2094	15409152	5135936	1688	60910167	4081353544
75180	1098500	4636	1995	4608000	418064	1767	60910167	4277588376
78041	1148500	18376	2091	18673664	5149040	1847	60910167	4470760800
80904	1198500	4600	1989	4571136	452528	1928	60910167	4667082848
83590	1248500	19612	2089	19939328	5241872	2008	60910167	4859551760
86286	1298500	3356	1977	3297280	373456	2089	60910167	5054002992
90131	1348500	15824	2087	16060416	4972336	2170	60910167	5247479464
93703	1398500	2832	1979	2756608	365840	2250	60910167	5443602384
96571	1448500	17580	2085	17858560	5116240	2329	60910167	5636226136
99524	1498500	4484	1987	4452352	425136	2409	60910167	5830665576
102465	1548500	16036	2087	16277504	4853488	2489	60910167	6022934136
105414	1598500	4560	1992	4530176	386272	2568	60910167	6218011440
108359	1648500	18488	2090	18788352	5189536	2648	60910167	6411240488
111321	1698500	4552	1991	4521984	370224	2728	60910167	6606484032
114173	1748500	20480	2084	20828160	5239520	2807	60910167	6799321432
117112	1798500	3416	1979	3358720	371792	2888	60910167	6995660560
119940	1848500	19496	2081	19820544	5279472	2967	60910167	7188055480
122886	1898500	4420	1980	4386816	349472	3047	60910167	7383631504
125738	1948500	18636	2086	18939904	5399072	3127	60910167	7577814840
128652	1998500	2872	1979	2797568	369584	3208	60910167	7774113464
131510	2048500	18456	2065	18755584	5071824	3287	60910167	7967021296
134463	2098500	3312	1972	3252224	351296	3368	60910167	8162719016
137326	2148500	18044	2085	18333696	5275504	3447	60910167	8355917016
140301	2198500	4868	1997	4845568	463760	3527	60910167	8551431616
143175	2248500	14852	2086	15065088	5139552	3608	60910167	8744462152
146102	2298500	2856	1973	2785280	357072	3688	60910167	8940408936
149019	2348500	20336	2088	20680704	5152736	3766	60910167	9133297024
152003	2398500	2664	1974	2584576	369696	3847	60910167	9329118432
154876	2448500	17464	2087	17739776	5137168	3926	60910167	9521470744
157841	2498500	4876	1992	4853760	398944	4006	60910167	9716584200
160756	2548500	17080	2070	17346560	5080768	4086	60910167	9909736368
163733	2598500	2900	1974	2830336	356288	4166	60910167	10103283680
166627	2648500	18700	2086	19005440	4903456	4245	60910167	10296048504
169600	2698500	3200	1975	3137536	375632	4325	60910167	10491997248
172556	2748500	18540	2084	18841600	5247360	4404	60910167	10685187432
175464	2798500	2768	1977	2695168	357424	4486	60910167	10881697344
178267	2848500	17692	2088	17973248	5171328	4565	60910167	11074738416
181106	2898500	3616	1981	3563520	356784	4646	60910167	11270616144
183865	2948500	20380	2088	20725760	5339488	4726	60910167	11465011304
186749	2998500	4576	1990	4546560	458208	4807	60910167	11662961128
189533	3048500	18900	2090	19210240	5317888	4887	60910167	11855520352
192420	3098500	2692	1971	2613248	362384	4968	60910167	12052505376
195211	3148500	20476	2084	20824064	5312736	5046	60910167	12245734360
198096	3198500	4708	2000	4681728	436096	5126	60910167	12440861072
200965	3248500	19520	2083	19845120	5333072	5206	60910167	12633855104
203945	3298500	2548	1973	2465792	351856	5287	60910167	12829264224
206844	3348500	20148	2084	20488192	5313632	5365	60910167	13021439824
209782	3398500	3452	1981	3395584	370256	5446	60910167	13217347440
212597	3448500	20200	2087	20541440	5116816	5525	60910167	13410951800
215542	3498500	2856	1972	2785280	365792	5606	60910167	13606756256
218299	3548500	16812	2080	17072128	4874880	5686	60910167	13800419704
220881	3598500	4004	1967	3960832	367760	5766	60910167	13995708152
223371	3648500	19524	2061	19849216	5162608	5846	60910167	14188545328
226063	3698500	4376	1982	4341760	355200	5926	60910167	14382933640
229846	3748500	18852	2086	19161088	5239712	6005	60910167	14575188384
234702	3798500	3628	1970	3575808	344736	6085	60910167	14769940320
238492	3848500	20896	2082	21254144	5270464	6164	60910167	14962001688
241337	3898500	2728	1974	2650112	379680	6245	60910167	15157573736
244031	3948500	20240	2084	20582400	5350144	6324	60910167	15351146216
246797	3998500	4304	1979	4268032	357456	6404	60910167	15546826584
249510	4048500	19712	2085	20041728	5221520	6484	60910167	15740064504
252367	4098500	2884	1977	2809856	347600	6565	60910167	15935488344
255130	4148500	19732	2090	20062208	5282784	6644	60910167	16129070744
257974	4198500	4256	1979	4218880	383728	6723	60910167	16324111568
260718	4248500	17820	2090	18104320	5131168	6802	60910167	16517185520
263552	4298500	2596	1970	2514944	349280	6883	60910167	16711278304
266318	4348500	17892	2089	18178048	5032464	6962	60910167	16903211416
269198	4398500	4632	1983	4603904	368400	7042	60910167	17098472480
272009	4448500	19724	2085	20054016	5389808	7122	60910167	17291396600
274899	4498500	4404	1983	4370432	380016	7202	60910167	17487520920
277739	4548500	19992	2091	20328448	5299856	7281	60910167	17680480208
280663	4598500	4148	1982	4108288	364416	7361	60910167	17875707608
283534	4648500	15696	2088	15929344	5203328	7440	60910167	18068588136
286434	4698500	2908	1972	2838528	362816	7521	60910167	18265467400
289277	4748500	17152	2089	17420288	5034288	7600	60910167	18459317216
292139	4798500	3644	1979	3592192	410736	7680	60910167	18654234040
294903	4848500	18264	2081	18558976	5098608	7759	60910167	18846524952
297730	4898500	2748	1976	2670592	353408	7840	60910167	19042715560
300450	4948500	15720	2083	15953920	5065744	7920	60910167	19235810088
303122	4998500	4228	1982	4190208	390752	8000	60910167	19431438864
305753	5048500	17820	2087	18104320	5241360	8080	60910167	19624877216
308621	5098500	4136	1976	4096000	381536	8161	60910167	19821604664
311415	5148500	20888	2093	21245952	5218512	8239	60910167	20014375848
314243	5198500	4716	1978	4689920	387232	8319	60910167	20209918024
317093	5248500	16380	2064	16629760	4919328	8399	60910167	20402590480
319842	5298500	4664	1982	4636672	361504	8479	60910167	20598130416
322619	5348500	16412	2089	16662528	5225520	8559	60910167	20790536248
325525	5398500	2644	1968	2564096	353664	8640	60910167	20986207192
328438	5448500	20488	2088	20836352	5318624	8719	60910167	21180678656
331248	5498500	4900	1979	4878336	388208	8799	60910167	21376793616
338182	5548500	16788	2072	17047552	4962336	8880	101755903	21569860104
342186	5598500	3156	1973	3088384	346640	8961	101755903	21765551928
344866	5648500	16944	2085	17207296	5110128	9040	101755903	21957671120
347571	5698500	2900	1972	2826240	357504	9121	101755903	22153624808
351761	5748500	20788	2070	21143552	5279904	9200	101755903	22346940152
355468	5798500	2640	1974	2560000	349984	9281	129590264	22542744536
358752	5848500	15240	2063	15462400	5189808	9360	129590264	22735295120
361590	5898500	4460	1975	4427776	363728	9440	129590264	22932179048
364821	5948500	19924	2089	20258816	5304368	9520	129590264	23126037032
367587	5998500	5044	1983	5025792	427120	9601	129590264	23322269464
370476	6048500	15640	2084	15872000	4906752	9682	129590264	23515738192
373569	6098500	4760	1997	4734976	434512	9762	129590264	23711276288
377019	6148500	16060	2078	16302080	5068640	9843	129590264	23904610328
379445	6198500	2724	1970	2646016	362496	9924	129590264	24099383944
382134	6248500	15168	2093	15388672	4946832	10003	129590264	24291558416
384968	6298500	2820	1966	2744320	358016	10083	129590264	24486777544
389286	6348500	15480	2081	15708160	5047664	10162	129590264	24678714424
392322	6398500	4604	1996	4575232	408160	10241	129590264	24873621488
395108	6448500	19616	2086	19943424	5163360	10320	129590264	25065572160
399503	6498500	3032	1984	2965504	374688	10401	129590264	25261698768
402731	6548500	16940	2086	17203200	5048448	10480	129590264	25454922464
405540	6598500	2864	1967	2789376	348784	10561	129590264	25650049784
408228	6648500	15404	2088	15630336	5314048	10641	129590264	25843424888
411429	6698500	3240	1977	3178496	381008	10721	129590264	26038921032
414287	6748500	17292	2085	17563648	5188656	10800	129590264	26231661856
417026	6798500	4804	1975	4780032	379408	10880	129590264	26428114128
419788	6848500	15800	2093	16035840	4954128	10960	129590264	26619929696
422800	6898500	3312	1971	3252224	355664	11041	129590264	26815756624
425482	6948500	15316	2088	15540224	5056064	11121	129590264	27008306744
428162	6998500	3612	1981	3559424	380784	11201	129590264	27203420616
430833	7048500	18024	2088	18313216	5288448	11280	129590264	27395759016
433827	7098500	3480	1974	3424256	367936	11361	129590264	27591908416
436494	7148500	20020	2091	20357120	5222352	11440	129590264	27783899424
439234	7198500	4180	1978	4141056	372192	11520	129590264	27979475616
442351	7248500	16280	2089	16527360	5039632	11599	129590264	28172334160
444961	7298500	2572	1966	2490368	362144	11680	129590264	28367872640
452082	7348500	16280	2085	16527360	5021456	11760	129590264	28560761120
456369	7398500	3276	1969	3215360	348944	11841	129590264	28757061272
459051	7448500	17852	2089	18137088	4985936	11920	129590264	28949605224
461744	7498500	3140	1973	3076096	372368	12001	129590264	29144853040
464328	7548500	19924	2087	20258816	5118608	12079	129590264	29337084816
467069	7598500	3360	1965	3301376	362032	12160	129590264	29533072752
470225	7648500	20392	2092	20738048	5216000	12238	129590264	29725382136
473065	7698500	4632	1987	4603904	397424	12318	129590264	29921146056
475798	7748500	16400	2092	16650240	4954560	12399	129590264	30115137912
478639	7798500	4204	1981	4165632	359600	12478	129590264	30310751688
481613	7848500	18044	2087	18333696	5110320	12558	129590264	30504015336
484620	7898500	3244	1981	3182592	367184	12639	129590264	30700080800
487475	7948500	18448	2063	18747392	5045008	12718	129590264	30892379088
490428	7998500	3412	1980	3354624	356416	12799	129590264	31089090096
493303	8048500	16360	2084	16609280	5042432	12879	129590264	31282298200
496229	8098500	3964	1982	3919872	368352	12958	129590264	31478137528
499089	8148500	18172	2074	18464768	5132448	13037	129590264	31670826616
502037	8198500	3084	1971	3014656	353616	13119	129590264	31867552296
504879	8248500	19140	2091	19456000	5325424	13198	129590264	32061995112
507837	8298500	3872	1981	3825664	369008	13278	129590264	32257525048
510779	8348500	17764	2091	18046976	5151152	13358	129590264	32452577872
513753	8398500	4736	1997	4710400	414192	13437	129590264	32646404752
516566	8448500	16716	2088	16973824	5289536	13516	129590264	32838354600
519277	8498500	2988	1970	2916352	355808	13597	129590264	33033836032
521857	8548500	17044	2090	17309696	4839968	13677	129590264	33227521128
524656	8598500	2812	1972	2736128	352544	13758	129590264	33423560632
527390	8648500	19464	2086	19787776	5310464	13837	129590264	33617074320
530236	8698500	3200	1980	3133440	350688	13918	129590264	33813481944
533007	8748500	15636	2087	15867904	4887216	13998	129590264	34007064648
535809	8798500	2884	1974	2809856	351104	14079	129590264	34202612768
538614	8848500	16708	2065	16965632	5223120	14159	129590264	34397165280
541319	8898500	4364	1981	4329472	389392	14239	129590264	34592964432
543991	8948500	16748	2089	17006592	5431056	14319	129590264	34786940112
546699	8998500	2652	1973	2572288	347600	14400	129590264	34983269248
549323	9048500	18664	2091	18968576	5012112	14479	129590264	35174615520
552293	9098500	2544	1974	2461696	372224	14560	129590264	35370363528
555212	9148500	19692	2090	20021248	5191776	14639	129590264	35563871896
558195	9198500	4556	1994	4526080	416128	14719	129590264	35758666024
560791	9248500	17588	2082	17866752	5230496	14799	129590264	35951407304
563631	9298500	4636	1983	4608000	373456	14880	129590264	36148037192
566173	9348500	20164	2078	20504576	5248320	14959	129590264	36339827928
568679	9398500	4532	1981	4501504	397776	15039	129590264	36535435984
571212	9448500	17956	2087	18243584	5212752	15119	129590264	36728206104
573979	9498500	2932	1971	2863104	363120	15201	129590264	36925037856
576764	9548500	17112	2092	17379328	5152000	15280	129590264	37116506432
579574	9598500	2816	1973	2740224	373840	15361	129590264	37312058360
582375	9648500	16672	2075	16928768	5290224	15440	129590264	37504429096
585193	9698500	4700	1988	4673536	370144	15520	129590264	37699515520
588002	9748500	16088	2085	16330752	5132720	15600	129590264	37892505128
590880	9798500	2564	1972	2482176	368896	15681	129590264	38088806496
593652	9848500	19248	2093	19566592	5154736	15760	129590264	38281936720
596446	9898500	3344	1966	3284992	353248	15841	129590264	38477789584
599200	9948500	16448	2079	16699392	5028528	15921	129590264	38670966952
602043	9998500	4372	1978	4337664	357920	16002	129590264	38867321856
604870	10048500	19352	2087	19673088	5205840	16081	129590264	39060532904
607755	10098500	4484	1987	4452352	393104	16161	129590264	39254903160
610554	10148500	15416	2091	15642624	5232240	16241	129590264	39448364368
613433	10198500	2640	1973	2560000	380560	16323	129590264	39646086016
616239	10248500	15220	2088	15441920	5038432	16402	129590264	39839050592
619136	10298500	2900	1965	2826240	356496	16483	129590264	40035084360
621885	10348500	17744	2092	18026496	5085472	16562	129590264	40228648832
624722	10398500	4260	1973	4222976	358000	16643	129590264	40424676144
627556	10448500	21288	2087	21655552	5209424	16722	129590264	40617999536
630397	10498500	3024	1978	2957312	365312	16803	129590264	40813570592
633137	10548500	17368	2087	17641472	5192912	16882	129590264	41006681416
635976	10598500	4352	1985	4313088	408656	16962	129590264	41202599072
638867	10648500	16768	2092	17027072	5124224	17042	129590264	41395836528
641771	10698500	4768	1982	4743168	433024	17122	129590264	41590950872
644412	10748500	19296	2087	19615744	5262896	17202	129590264	41783491680
647126	10798500	4252	1979	4214784	375664	17282	129590264	41978556672
649781	10848500	17872	2068	18157568	4997952	17361	129590264	42171755592
652460	10898500	2976	1970	2908160	361952	17442	129590264	42367225160
655121	10948500	16776	2086	17035264	5228992	17521	129590264	42560304232
657811	10998500	4488	1981	4456448	423408	17601	129590264	42755724232
660467	11048500	16676	2087	16932864	5107120	17681	129590264	42948400552
663193	11098500	4524	1981	4493312	391760	17761	129590264	43145399552
665827	11148500	18132	2083	18423808	5196176	17841	129590264	43337813464
668528	11198500	4532	1982	4501504	352896	17921	129590264	43532967248
671207	11248500	15092	2093	15310848	5165744	18002	129590264	43725676320
673864	11298500	2776	1972	2699264	364480	18082	129590264	43920807992
676524	11348500	20688	2089	21041152	5253808	18161	129590264	44114511280
679282	11398500	3720	1972	3670016	344384	18242	129590264	44311105824
681915	11448500	15844	2087	16080896	5114032	18322	129590264	44505035688
684588	11498500	2680	1972	2600960	355136	18403	129590264	44700934664
687204	11548500	16236	2086	16482304	5225280	18482	129590264	44894705160
689861	11598500	4864	1978	4841472	402912	18562	129590264	45091842944
692544	11648500	19668	2089	19996672	5373712	18642	129590264	45285122608
695274	11698500	3244	1971	3182592	348656	18723	129590264	45481978904
697928	11748500	17364	2092	17637376	5361632	18801	129590264	45674288112
700586	11798500	4676	1977	4648960	353296	18881	129590264	45869075600
703228	11848500	19888	2087	20221952	5214896	18960	129590264	46062708576
705927	11898500	2504	1966	2420736	353856	19041	129590264	46259876320
708524	11948500	20260	2089	20602880	5293008	19120	129590264	46452386760
711353	11998500	2576	1972	2494464	363296	19201	129590264	46647694872
714207	12048500	20696	2091	21049344	5224048	19279	129590264	46839557760
717128	12098500	2808	1973	2736128	364784	19360	129590264	47036267144
720001	12148500	19988	2090	20324352	5174336	19439	129590264	47230307568
722947	12198500	2856	1971	2781184	354928	19520	129590264	47425714520
725723	12248500	20644	2085	20996096	5221776	19599	129590264	47619434416
728279	12298500	4680	1992	4653056	379744	19680	129590264	47816034448
731138	12348500	17500	2088	17776640	5271008	19760	129590264	48009231728
734064	12398500	4308	1981	4272128	371856	19841	129590264	48205156304
736919	12448500	19380	2084	19701760	5163552	19920	129590264	48398368336
739875	12498500	3152	1982	3088384	384256	20001	129590264	48593914600
742748	12548500	20416	2088	20762624	5267904	20079	129590264	48786287688
745670	12598500	4944	1998	4923392	420128	20158	129590264	48982741056
748565	12648500	15684	2093	15917056	5081040	20238	129590264	49176040576
751553	12698500	3536	1978	3481600	375232	20318	129590264	49372183064
754378	12748500	18576	2088	18878464	5113920	20397	129590264	49563940520
757249	12798500	4884	1993	4861952	392016	20477	129590264	49758198984
760116	12848500	18868	2075	19177472	5145808	20557	129590264	49951431160
763025	12898500	2572	1971	2490368	358032	20638	129590264	50148376184
765863	12948500	19068	2090	19382272	5069920	20717	129590264	50341756200
768800	12998500	2580	1968	2498560	366656	20798	129590264	50538787408
771662	13048500	16992	2087	17256448	5058768	20877	129590264	50731847120
774555	13098500	2924	1976	2850816	349088	20958	129590264	50927409624
777422	13148500	18956	2089	19267584	5303856	21037	129590264	51120952328
780322	13198500	4376	1989	4341760	389744	21117	129590264	51315663488
783183	13248500	20248	2087	20590592	5202640	21195	129590264	51507242248
785991	13298500	4720	1990	4694016	407808	21276	129590264	51704184696
788846	13348500	16444	2089	16695296	5014608	21356	129590264	51896139448
791658	13398500	4520	1981	4489216	367664	21436	129590264	52091812152
794153	13448500	15128	2078	15347712	5097344	21516	129590264	52284494120
796551	13498500	2620	1970	2539520	361088	21597	129590264	52479538184
798915	13548500	17996	2070	18284544	5058624	21676	129590264	52671654176
801342	13598500	2772	1966	2695168	362208	21758	129590264	52867865168
803702	13648500	15584	2076	15814656	5012160	21838	129590264	53060976208
806059	13698500	4372	1971	4337664	357712	21919	129590264	53256334424
808359	13748500	20704	2082	21057536	5304736	22000	129590264	53450349648
810692	13798500	4608	1977	4579328	417264	22081	129590264	53644432312
813007	13848500	19920	2071	20254720	5137904	22161	129590264	53836595192
815715	13898500	2572	1961	2490368	350000	22242	129590264	54033152808
819967	13948500	16392	2087	16642048	5208336	22322	129590264	54226226360
824331	13998500	3388	1972	3330048	346784	22404	129590264	54423313136
829252	14048500	21392	2093	21762048	5361360	22483	129590264	54615863232
834269	14098500	2776	1965	2699264	361680	22564	129590264	54810726832
839251	14148500	15832	2080	16068608	5210176	22644	129590264	55002966408
842139	14198500	3904	1971	3858432	380176	22725	129590264	55198593032
844465	14248500	20844	2085	21200896	5203984	22805	129590264	55391902656
847226	14298500	4580	1981	4550656	360240	22886	129590264	55587265304
851950	14348500	15460	2091	15687680	5024016	22967	129590264	55781028120
854827	14398500	2728	1975	2650112	359440	23047	129590264	55976510256
857619	14448500	21008	2087	21368832	5459568	23126	129590264	56169854408
861197	14498500	4112	1978	4071424	349984	23207	129590264	56366810608
870323	14548500	15408	2096	15634432	5140864	23287	129590264	56559723296
873027	14598500	3340	1967	3280896	346832	23367	129590264	56754672208
875852	14648500	19092	2085	19406848	5128400	23446	129590264	56948672968
878813	14698500	4420	1982	4386816	375808	23527	129590264	57144912584
881764	14748500	18828	2088	19136512	5293376	23607	129590264	57337749184
884704	14798500	4304	1976	4268032	351072	23688	129590264	57534747960
887676	14848500	14884	2089	15097856	5080912	23768	129590264	57728990280
890627	14898500	2624	1981	2543616	366320	23848	129590264	57925366136
893488	14948500	19184	2090	19501056	5111712	23927	129590264	58117673128
896407	14998500	2996	1982	2928640	366464	24007	129590264	58312570968
899264	15048500	16508	2088	16760832	5056928	24086	129590264	58505819600
902151	15098500	4372	1984	4337664	355008	24166	129590264	58700781192
904982	15148500	17416	2088	17690624	5119584	24245	129590264	58894102352
907863	15198500	3076	1978	3010560	375872	24326	129590264	59090259624
910620	15248500	18868	2088	19177472	5107264	24405	129590264	59282810688
913488	15298500	3072	1975	3006464	353808	24485	129590264	59478760872
916384	15348500	16924	2084	17186816	5118240	24564	129590264	59672176584
919075	15398500	2956	1970	2883584	348480	24645	129590264	59867036480
921715	15448500	15712	2088	15945728	5050656	24724	129590264	60059359648
924379	15498500	2628	1975	2547712	355600	24805	129590264	60255339568
927013	15548500	19932	2091	20267008	5243248	24884	129590264	60448172856
929720	15598500	4420	1985	4386816	378320	24964	129590264	60642374256
932368	15648500	18580	2087	18882560	5169680	25044	129590264	60835109664
935205	15698500	2604	1972	2523136	364480	25124	129590264	61029969464
938000	15748500	19572	2071	19898368	5193360	25202	129590264	61221964888
940864	15798500	2988	1972	2920448	369856	25283	129590264	61418473496
943651	15848500	19684	2091	20013056	5117424	25362	129590264	61611219320
946511	15898500	4788	1993	4763648	393072	25442	129590264	61807158448
949316	15948500	15176	2087	15396864	4955376	25523	129590264	62000686760
952146	15998500	3336	1981	3276800	381072	25603	129590264	62197030768
954933	16048500	16000	2090	16240640	4959552	25682	129590264	62389216808
957756	16098500	3524	1971	3465216	354928	25762	129590264	62585104832
960500	16148500	19760	2085	20090880	5148976	25841	129590264	62777681688
963335	16198500	4940	1992	4919296	387104	25921	129590264	62972249168
966140	16248500	16812	2093	17072128	5268272	26001	129590264	63165019240
968983	16298500	3852	1981	3805184	365840	26081	129590264	63360577848
971727	16348500	19576	2073	19902464	5335728	26161	129590264	63553375352
974559	16398500	4460	1975	4427776	359056	26242	129590264	63748775096
977140	16448500	21108	2088	21471232	5308992	26322	129590264	63941716904
979839	16498500	4196	1981	4157440	368176	26404	129590264	64139106680
982479	16548500	20564	2088	20914176	5207168	26484	129590264	64333747720
985157	16598500	4344	1979	4308992	409808	26564	129590264	64529920648
987757	16648500	17456	2069	17731584	5264560	26644	129590264	64722370744
990352	16698500	3752	1971	3702784	375856	26725	129590264	64917014280
993102	16748500	17492	2091	17768448	5009328	26804	129590264	65109000784
995954	16798500	3848	1983	3801088	377904	26884	129590264	65303300120
998680	16848500	17260	2085	17530880	5176560	26963	129590264	65495803696
1001564	16898500	3372	1979	3309568	352112	27044	129590264	65691279352
1004341	16948500	20816	2090	21172224	5336736	27123	129590264	65884890864
1007188	16998500	4724	1994	4698112	409504	27203	129590264	66081285736
1009981	17048500	19720	2089	20049920	5195568	27283	129590264	66275327480
1012845	17098500	4768	1998	4743168	430720	27362	129590264	66471579528
1015638	17148500	19248	2087	19566592	5336656	27442	129590264	66665356072
1018501	17198500	2540	1971	2457600	354192	27523	129590264	66861184600
1021268	17248500	17176	2088	17444864	4848192	27602	129590264	67053293824
1024090	17298500	4612	1987	4583424	379600	27682	129590264	67249539760
1026917	17348500	16692	2087	16949248	5113584	27762	129590264	67442687952
1029760	17398500	5012	1993	4993024	440624	27842	129590264	67637794024
1032567	17448500	19484	2064	19808256	5052800	27922	129590264	67830959720
1035406	17498500	4492	1985	4460544	393232	28002	129590264	68025766656
1038207	17548500	21088	2081	21450752	5223696	28082	129590264	68219923888
1041031	17598500	4908	1980	4890624	358304	28162	129590264	68415095024
1043750	17648500	20100	2087	20439040	5176080	28241	129590264	68607179072
1046613	17698500	3068	1981	2998272	355728	28322	129590264	68803108072
1049413	17748500	19524	2090	19849216	5277056	28401	129590264	68996606752
1052278	17798500	3632	1977	3579904	365744	28482	129590264	69192781024
1055060	17848500	16516	2088	16769024	5065600	28561	129590264	69385598616
1057869	17898500	3452	1997	3395584	437328	28641	129590264	69579938736
1060654	17948500	18692	2086	18997248	5127968	28721	129590264	69772814800
1063502	17998500	4384	1980	4349952	363040	28801	129590264	69967635584
1066323	18048500	21076	2089	21438464	5250704	28880	129590264	70161245912
1069811	18098500	4256	1974	4218880	368256	28961	129590264	70356849864
1075774	18148500	16376	2086	16625664	5048224	29042	129590264	70549825944
1079064	18198500	4200	1977	4161536	369072	29123	129590264	70745896496
1081563	18248500	17084	2088	17350656	5046656	29202	129590264	70937455168
1084066	18298500	2544	1968	2461696	355488	29283	129590264	71132328768
1086387	18348500	20096	2084	20434944	5165216	29362	129590264	71325866872
1088822	18398500	2540	1964	2457600	367808	29444	129590264	71521991496
1091245	18448500	15520	2082	15749120	5227392	29524	129590264	71715699840
1093741	18498500	3980	1970	3936256	361472	29606	129590264	71913035040
1096192	18548500	16632	2091	16887808	5005424	29686	129590264	72105823144
1098759	18598500	4276	1982	4239360	395424	29767	129590264	72301406664
1101217	18648500	15196	2088	15417344	5167488	29848	129590264	72494551264
1103629	18698500	3940	1978	3895296	367584	29929	129590264	72691497208
1106057	18748500	16668	2083	16924672	5098448	30010	129590264	72885250688
1108430	18798500	4464	1977	4431872	393584	30090	129590264	73081357160
1110730	18848500	19024	2062	19337216	5266912	30170	129590264	73272981016
1113090	18898500	3016	1966	2949120	359104	30251	129590264	73467913104
1115446	18948500	15024	2086	15241216	5036544	30332	129590264	73661151600
1117841	18998500	2744	1972	2666496	365824	30413	129590264	73857474576
1120178	19048500	15564	2081	15794176	4963504	30493	129590264	74050225760
1123130	19098500	3984	1980	3940352	370336	30573	129590264	74246455272
1125873	19148500	18620	2063	18923520	5007664	30652	129590264	74438771352
1129256	19198500	3348	1980	3289088	393632	30732	129590264	74634038440
1132101	19248500	20100	2081	20439040	5138832	30811	129590264	74826249344
1135655	19298500	4504	1983	4472832	398064	30892	129590264	75021769288
1138333	19348500	15672	2086	15904768	5146624	30973	129590264	75214095352
1141124	19398500	2892	1973	2818048	366480	31054	129590264	75409882408
1143882	19448500	17536	2091	17813504	5206768	31134	129590264	75604091560
1146687	19498500	2940	1975	2867200	362288	31215	129590264	75800391352
1149437	19548500	15512	2086	15740928	5162272	31295	129590264	75993799424
1152244	19598500	4108	1981	4067328	364432	31375	129590264	76190509464
1155009	19648500	15196	2087	15417344	5061648	31455	129590264	76383438656
1157814	19698500	4364	1983	4329472	402576	31535	129590264	76579448160
1160662	19748500	20780	2070	21135360	5386112	31615	129590264	76772671280
1163459	19798500	3228	1983	3166208	374096	31695	129590264	76966909008
1166217	19848500	16772	2088	17031168	5094016	31774	129590264	77159517472
1169021	19898500	2876	1971	2801664	353072	31855	129590264	77355602240
1171723	19948500	20100	2084	20439040	5258528	31933	129590264	77547769208
1174544	19998500	2988	1972	2920448	365728	32014	129590264	77743368288
1177306	20048500	18628	2062	18931712	5094784	32093	129590264	77935385280
1180133	20098500	2764	1973	2686976	368080	32174	129590264	78130122560
1182905	20148500	15736	2084	15970304	5219488	32254	129590264	78324066264
1185418	20198500	3528	1974	3473408	363936	32335	129590264	78519557208
1187738	20248500	20820	2077	21176320	5399728	32414	129590264	78712264440
1190096	20298500	4528	1979	4497408	434960	32495	129590264	78909288400
1192386	20348500	15212	2078	15433728	4909856	32576	129590264	79101800576
1194790	20398500	2664	1967	2584576	365840	32659	129590264	79299378576
1197147	20448500	16560	2084	16814080	5179680	32739	129590264	79492303056
1199484	20498500	4744	1982	4718592	400512	32820	129590264	79687953872
1201861	20548500	20728	2082	21082112	5292352	32900	129590264	79880385048
1204206	20598500	4312	1980	4272128	414624	32981	129590264	80076345320
1206608	20648500	16736	2070	16994304	5192320	33062	129590264	80269321168
1209050	20698500	4300	1979	4263936	399312	33143	129590264	80465159320
1211397	20748500	15724	2084	15958016	5130176	33224	129590264	80658852960
1213820	20798500	4432	1971	4399104	360464	33305	129590264	80854263896
1216155	20848500	20828	2087	21184512	5258224	33385	129590264	81047533048
1218515	20898500	3628	1976	3575808	356576	33467	129590264	81244271976
1220844	20948500	18640	2086	18944000	5093792	33547	129590264	81437150176
1223229	20998500	4660	1981	4632576	371536	33628	129590264	81633784568
1225602	21048500	15112	2088	15331328	5117920	33709	129590264	81826734872
1228071	21098500	3192	1975	3129344	355376	33792	129590264	82023306880
1230542	21148500	18768	2091	19075072	5138512	33872	129590264	82216904776
1233012	21198500	4700	1977	4673536	417136	33953	129590264	82412498584
1235417	21248500	15428	2069	15654912	5032400	34034	129590264	82605647968
1237827	21298500	4488	1978	4456448	404096	34115	129590264	82801499672
1240253	21348500	16256	2086	16502784	5125920	34196	129590264	82995447952
1242655	21398500	2684	1967	2605056	366064	34277	129590264	83190862072
1245105	21448500	17368	2087	17641472	5095600	34356	129590264	83384161296
1247623	21498500	4384	1970	4349952	360640	34438	129590264	83580220888
1250016	21548500	19656	2088	19984384	5281856	34517	129590264	83771798264
1252431	21598500	4204	1976	4165632	370752	34598	129590264	83967185352
1255188	21648500	17004	2078	17268736	5092480	34678	129590264	84159704600
1257556	21698500	4324	1978	4288512	390272	34759	129590264	84355817056
1259868	21748500	17112	2084	17379328	5148800	34840	129590264	84548631880
1262404	21798500	3412	1974	3354624	357184	34921	129590264	84744512944
1264778	21848500	15704	2077	15937536	5080336	35001	129590264	84936714336
1267204	21898500	4352	1975	4317184	402480	35081	129590264	85131683552
1269557	21948500	18604	2081	18907136	4971440	35161	129590264	85324119192
1271891	21998500	2928	1967	2859008	362096	35243	129590264	85519003416
1274180	22048500	20468	2087	20815872	5462032	35322	129590264	85711125184
1276510	22098500	3300	1972	3239936	361696	35404	129590264	85906616032
1278827	22148500	15828	2085	16064512	4880176	35485	129590264	86100083928
1281137	22198500	3100	1972	3031040	362080	35566	129590264	86294454440
1283426	22248500	18320	2080	18616320	5079904	35645	129590264	86485220360
1285770	22298500	2688	1967	2609152	351504	35727	129590264	86681484760
1288082	22348500	15804	2085	16039936	5041616	35807	129590264	86874859304
1290408	22398500	4292	1978	4255744	355712	35888	129590264	87070864568
1292743	22448500	15292	2085	15515648	5262448	35970	129590264	87265076960
1295059	22498500	3080	1965	3014656	347760	36051	129590264	87459934392
1297338	22548500	19576	2085	19902464	5229328	36130	129590264	87653429648
1299685	22598500	2848	1966	2772992	347360	36211	129590264	87848514936
1301999	22648500	20452	2069	20799488	5209712	36291	129590264	88041725384
1304354	22698500	2668	1967	2588672	365008	36372	129590264	88237289336
1306637	22748500	20792	2079	21147648	5191600	36452	129590264	88430402504
1309830	22798500	2628	1967	2547712	359664	36534	129590264	88625872088
1312155	22848500	19216	2062	19533824	5091136	36613	129590264	88817674592
1314527	22898500	2892	1969	2822144	365264	36695	129590264	89014211944
1316827	22948500	15292	2090	15515648	5017888	36776	129590264	89208091160
1319165	22998500	4960	1981	4939776	420944	36856	129590264	89404181128
1321509	23048500	18524	2091	18825216	5113200	36936	129590264	89596549952
1323872	23098500	3648	1973	3596288	368752	37018	129590264	89791571672
1326204	23148500	15556	2086	15785984	4984192	37099	129590264	89984500000
1328532	23198500	2944	1964	2871296	346912	37180	129590264	90180724216
1330863	23248500	15184	2080	15405056	5173024	37260	129590264	90373072440
1333208	23298500	4532	1982	4501504	440320	37341	129590264	90568777928
1335505	23348500	15492	2086	15720448	5153760	37422	129590264	90761376768
1337851	23398500	4620	1981	4591616	415408	37503	129590264	90957648336
1340247	23448500	17920	2078	18206720	4993824	37584	129590264	91149606168
1342626	23498500	4612	1979	4583424	383728	37665	129590264	91345947496
1344910	23548500	19848	2083	20180992	5480656	37746	129590264	91538817376
1347293	23598500	4560	1983	4526080	392272	37826	129590264	91735772888
1349628	23648500	19832	2090	20164608	5285568	37906	129590264	91927625976
1352042	23698500	4164	1977	4124672	360016	37987	129590264	92123602728
1354381	23748500	17584	2085	17862656	5096144	38067	129590264	92316263584
1356750	23798500	4088	1969	4046848	354000	38149	129590264	92512917528
1359061	23848500	17248	2085	17518592	5067472	38229	129590264	92705854976
1361441	23898500	3200	1969	3137536	374640	38311	129590264	92901303168
1363763	23948500	16592	2087	16846848	5060656	38391	129590264	93093166960
1366166	23998500	3320	1973	3260416	357616	38473	129590264	93289465280
1368550	24048500	16188	2087	16433152	5147760	38553	129590264	93482065496
1370894	24098500	4340	1980	4304896	371584	38634	129590264	93678390624
1373229	24148500	17596	2070	17874944	5067328	38715	129590264	93871750400
1375586	24198500	4232	1972	4194304	368864	38797	129590264	94068500080
1377868	24248500	16292	2089	16539648	5061616	38878	129590264	94261304360
1380189	24298500	4356	1977	4321280	375728	38959	129590264	94457351768
1382659	24348500	17700	2088	17981440	5237600	39039	129590264	94650817768
1385085	24398500	4160	1968	4120576	346304	39121	129590264	94846812040
1387530	24448500	19672	2076	20000768	5190080	39201	129590264	95041304704
1389899	24498500	3052	1973	2985984	378608	39282	129590264	95236158032
1393677	24548500	15728	2067	15962112	5112240	39363	129590264	95429753928
1396854	24598500	4344	1972	4308992	386336	39444	129590264	95624765456
1399171	24648500	19592	2086	19918848	5136160	39524	129590264	95817191544
1401541	24698500	4580	1968	4550656	380224	39604	129590264	96011518528
1403852	24748500	19800	2089	20131840	5209008	39684	129590264	96203990776
1406187	24798500	3068	1962	3002368	346752	39765	129590264	96398301536
1408476	24848500	17276	2086	17547264	5112320	39844	129590264	96590227344
1410821	24898500	4256	1977	4218880	399056	39926	129590264	96787017256
1414386	24948500	16088	2087	16330752	5194512	40007	129590264	96980858904
1416921	24998500	2696	1973	2617344	357040	40089	129590264	97177105792
1420739	25048500	16204	2083	16449536	5129424	40169	129590264	97370451624
1424060	25098500	2528	1966	2445312	367040	40251	129590264	97566751296
1426381	25148500	15748	2087	15982592	5000304	40330	129590264	97758421456
1429440	25198500	4180	1977	4141056	368656	40411	129590264	97954354856
1432684	25248500	14956	2083	15171584	4914960	40492	129590264	98147876792
1435053	25298500	4064	1980	4022272	368288	40572	129590264	98342812328
1437394	25348500	20872	2086	21229568	5182720	40652	129590264	98536405832
1439699	25398500	4396	1978	4362240	377440	40733	129590264	98732958032
1442040	25448500	15124	2083	15343616	4991536	40815	129590264	98926306880
1444365	25498500	3076	1964	3006464	347552	40896	129590264	99121678192
1447066	25548500	19980	2088	20316160	5001376	40975	129590264	99313820440
1449914	25598500	4528	1981	4497408	397712	41055	129590264	99509077816
1452659	25648500	20120	2091	20459520	5046448	41134	129590264	99700476168
1455540	25698500	2904	1976	2834432	356864	41215	129590264	99896677728
1458163	25748500	21088	2077	21450752	5415568	41294	129590264	100089031592
1460586	25798500	4548	1976	4517888	451264	41375	129590264	100284510368
1463081	25848500	19916	2087	20250624	5175536	41455	129590264	100476984736
1465599	25898500	2540	1965	2457600	350320	41536	129590264	100672701784
1467973	25948500	20872	2087	21229568	5266448	41615	129590264	100864657264
1470424	25998500	4356	1983	4321280	374000	41696	129590264	101059948664
1473013	26048500	15080	2085	15298560	4990608	41776	129590264	101251682872
1475387	26098500	4548	1977	4517888	402800	41857	129590264	101448036704
1477686	26148500	20500	2077	20848640	5033008	41938	129590264	101640799624
1480059	26198500	4396	1974	4362240	359104	42018	129590264	101835790720
1482455	26248500	16364	2084	16613376	5004960	42097	129590264	102028090736
1484995	26298500	2760	1966	2682880	368384	42179	129590264	102225002496
1487381	26348500	19016	2085	19329024	5202352	42258	129590264	102417946200
1489700	26398500	4308	1979	4272128	371536	42340	129590264	102613700968
1492236	26448500	20408	2084	20754432	5199200	42420	129590264	102806740384
1494779	26498500	2748	1973	2670592	359568	42501	129590264	103003230576
1497167	26548500	17704	2084	17985536	5163968	42581	129590264	103196847104
1499599	26598500	4204	1968	4165632	354016	42661	129590264	103390915416
1502020	26648500	17992	2089	18280448	5140496	42741	129590264	103583370072
1505734	26698500	3124	1969	3059712	344880	42822	129590264	103779280960
1508882	26748500	15224	2063	15446016	5336720	42901	129590264	103972888976
1513735	26798500	4660	1982	4632576	393824	42983	129590264	104169860768
1518374	26848500	16112	2088	16355328	5169408	43064	129590264	104363199136
1523112	26898500	3780	1972	3731456	345856	43145	129590264	104559006616
1527828	26948500	18024	2086	18313216	5265120	43226	129590264	104752110560
1531204	26998500	2612	1973	2531328	350288	43307	129590264	104947262344
1533613	27048500	18080	2086	18370560	5245568	43387	129590264	105141169424
1536039	27098500	4332	1979	4296704	396912	43468	129590264	105337985600
1538691	27148500	15948	2087	16187392	4851344	43548	129590264	105530151776
1541217	27198500	4204	1975	4165632	388368	43629	129590264	105726498528
1544712	27248500	18724	2082	19030016	5240608	43709	129590264	105919648344
1547848	27298500	2676	1972	2596864	363200	43790	129590264	106114899936
1550424	27348500	14832	2088	15044608	4992192	43870	129590264	106307555320
1552999	27398500	4376	1979	4341760	387088	43950	129590264	106503063728
1555548	27448500	20860	2086	21217280	5249472	44030	129590264	106695830624
1558243	27498500	4420	1978	4386816	386752	44111	129590264	106891664928
1560861	27548500	15736	2082	15970304	5199232	44191	129590264	107085469040
1563553	27598500	2860	1966	2789376	344480	44271	129590264	107280286136
1566139	27648500	18824	2087	19132416	5361872	44350	129590264	107473796448
1568753	27698500	4300	1982	4263936	398560	44430	129590264	107669503464
1571300	27748500	18472	2074	18771968	5071872	44510	129590264	107861757368
1573653	27798500	2756	1966	2678784	348256	44592	129590264	108057493384
1576004	27848500	18540	2087	18841600	5158672	44672	129590264	108251171128
1578432	27898500	2964	1968	2891776	348704	44753	129590264	108446935120
1580781	27948500	20076	2085	20414464	5237872	44832	129590264	108639213952
1583403	27998500	4272	1971	4235264	358448	44912	129590264	108832750504
1585984	28048500	15392	2078	15618048	5008224	44993	129590264	109025020704
1588507	28098500	3948	1971	3903488	384944	45074	129590264	109220457232
1590813	28148500	19772	2082	20103168	5227680	45154	129590264	109413098440
1593185	28198500	3104	1970	3039232	350560	45236	129590264	109608212400
1595588	28248500	15492	2082	15720448	5029120	45317	129590264	109801268560
1598073	28298500	4668	1984	4640768	428672	45398	129590264	109997645192
1600521	28348500	20048	2079	20385792	5286480	45478	129590264	110190679696
1603044	28398500	4196	1976	4157440	387168	45559	129590264	110385507136
1605291	28448500	20264	2070	20606976	5210272	45640	129590264	110578476168
1607683	28498500	3664	1977	3612672	415856	45722	129590264	110774911264
1609989	28548500	15336	2090	15560704	5052960	45802	129590264	110966773376
1612445	28598500	4460	1981	4427776	387440	45882	129590264	111161166920
1614905	28648500	15524	2086	15753216	5308896	45963	129590264	111353925912
1617361	28698500	2588	1964	2506752	357088	46044	129590264	111549551864
1619737	28748500	16200	2080	16445440	4905184	46124	129590264	111741798200
1622279	28798500	3112	1974	3047424	382880	46205	129590264	111938004248
1624775	28848500	19044	2085	19357696	5322288	46284	129590264	112130466112
1627351	28898500	2808	1974	2736128	358880	46366	129590264	112326931720
1629833	28948500	15568	2083	15798272	5026224	46446	129590264	112520175832
1632277	28998500	4760	1981	4734976	401584	46526	129590264	112715868200
1634790	29048500	17524	2085	17801216	5368656	46606	129590264	112907656728
1637485	29098500	3892	1973	3846144	355760	46687	129590264	113103247384
1639849	29148500	20724	2080	21078016	5339104	46767	129590264	113296016280
1642219	29198500	3008	1968	2936832	346336	46849	129590264	113491946024
1644577	29248500	18068	2081	18358272	5127984	46929	129590264	113685572688
1646937	29298500	3300	1969	3239936	347472	47011	129590264	113880831904
1649278	29348500	16544	2077	16797696	5137904	47091	129590264	114074101456
1652708	29398500	2764	1966	2686976	353632	47173	129590264	114270714904
1655015	29448500	16304	2087	16551936	5123728	47253	129590264	114464694152
1658515	29498500	2796	1973	2719744	367088	47335	129590264	114661537856
1661322	29548500	18448	2063	18747392	5203440	47415	129590264	114855923632
1663943	29598500	4580	1982	4550656	393216	47496	129590264	115052225784
1666560	29648500	15176	2086	15396864	4993472	47577	129590264	115245634496
1669084	29698500	3272	1968	3211264	370464	47657	129590264	115440522376
1672484	29748500	16528	2085	16781312	5270256	47737	129590264	115633041592
1674882	29798500	4336	1977	4300800	383088	47818	129590264	115829526504
1677203	29848500	16004	2066	16244736	5145760	47899	129590264	116022866080
1679850	29898500	2740	1962	2662400	345696	47980	129590264	116219189448
1682289	29948500	17916	2090	18202624	5028576	48060	129590264	116412984616
1684864	29998500	2900	1965	2826240	362480	48142	129590264	116609570792
1687266	30048500	15452	2086	15679488	5119424	48223	129590264	116803435328
1689744	30098500	4472	1971	4440064	366896	48304	129590264	116999861768
1693161	30148500	19680	2085	20008960	5138736	48384	129590264	117192436080
1695701	30198500	4280	1978	4243456	380416	48465	129590264	117387865664
1698214	30248500	18756	2077	19062784	5156048	48545	129590264	117580588776
1700691	30298500	4560	1975	4530176	354768	48626	129590264	117776146088
1703183	30348500	20044	2089	20381696	5368336	48705	129590264	117969097024
1705758	30398500	3656	1980	3604480	365664	48786	129590264	118164254816
1708209	30448500	20648	2088	21000192	5227392	48866	129590264	118357584800
1710816	30498500	4912	1985	4894720	428496	48946	129590264	118553379392
1713342	30548500	16156	2074	16400384	5104352	49027	129590264	118745919336
1715846	30598500	4440	1976	4407296	355616	49108	129590264	118941962344
1718350	30648500	15048	2081	15265792	4999184	49188	129590264	119134255272
1720826	30698500	4632	1974	4603904	361120	49267	129590264	119329022320
1723377	30748500	20640	2079	20992000	5163472	49347	129590264	119521856272
1725831	30798500	2916	1971	2846720	363696	49429	129590264	119718184392
1728131	30848500	16692	2083	16949248	4943760	49509	129590264	119910694232
1730523	30898500	4120	1969	4079616	381488	49590	129590264	120106774640
1732904	30948500	16408	2084	16658432	5315456	49671	129590264	120300035088
1735946	30998500	2516	1968	2433024	363104	49752	129590264	120495973424
1738853	31048500	14692	2081	14901248	5151536	49832	129590264	120688959296
1742184	31098500	4608	1978	4579328	437120	49912	129590264	120884047960
1744817	31148500	17612	2086	17891328	5117248	49992	129590264	121077397544
1747226	31198500	4624	1980	4595712	444160	50073	129590264	121272829088
1749748	31248500	16256	2092	16502784	4994656	50153	129590264	121464832584
1752601	31298500	3208	1977	3141632	382896	50234	129590264	121661511992
1755359	31348500	20248	2085	20590592	5136112	50313	129590264	121853706896
1757809	31398500	4660	1980	4632576	413952	50394	129590264	122048897864
1760309	31448500	16516	2087	16769024	5093424	50475	129590264	122241292936
1762678	31498500	4800	1979	4775936	447152	50555	129590264	122436774640
1765417	31548500	19124	2089	19439616	5001680	50635	129590264	122629894584
1768020	31598500	4832	1988	4808704	444064	50715	129590264	122825123488
1770496	31648500	16196	2088	16441344	4957088	50796	129590264	123017377544
1773112	31698500	3428	1978	3371008	377504	50877	129590264	123213147752
1775724	31748500	17552	2083	17829888	5023632	50956	129590264	123405208448
1778256	31798500	2568	1965	2486272	364240	51038	129590264	123602151160
1780670	31848500	16104	2083	16347136	5122000	51118	129590264	123795641168
1783056	31898500	2956	1966	2887680	356032	51200	129590264	123991585960
1785428	31948500	18992	2087	19304448	5231344	51279	129590264	124182969416
1787895	31998500	3764	1969	3715072	380624	51361	129590264	124378776832
1790238	32048500	15556	2083	15785984	5080624	51442	129590264	124572151680
1792587	32098500	4488	1982	4456448	399264	51522	129590264	124768496504
1795006	32148500	18616	2081	18919424	5337616	51602	129590264	124960370472
1797567	32198500	3300	1969	3239936	357232	51683	129590264	125155268768
1799929	32248500	15196	2085	15417344	5049968	51764	129590264	125347831104
1802449	32298500	4012	1976	3969024	359520	51845	129590264	125543871968
1806033	32348500	19168	2085	19484672	5162256	51924	129590264	125735777288
1809659	32398500	2588	1972	2506752	358656	52005	129590264	125931722176
1817793	32448500	15412	2078	15638528	4974688	52085	129590264	126124019912
1822931	32498500	3544	1973	3489792	379312	52166	129590264	126319540352
1826612	32548500	16584	2087	16838656	4975440	52246	129590264	126512455888
1829267	32598500	3392	1980	3334144	367200	52327	129590264	126709822832
1831874	32648500	19496	2087	19820544	5245584	52407	129590264	126904316960
1834597	32698500	4884	1980	4861952	398432	52487	129590264	127099819992
1837396	32748500	16144	2090	16388096	4940352	52567	129590264	127293410336
1839995	32798500	2584	1976	2502656	365792	52648	129590264	127488790584
1842585	32848500	16172	2085	16416768	5034352	52728	129590264	127681654792
1845254	32898500	3824	1977	3776512	345968	52809	129590264	127877359992
1847733	32948500	18276	2089	18571264	5128944	52889	129590264	128070106904
1851225	32998500	3292	1970	3227648	356640	52970	129590264	128266828888
1855078	33048500	20480	2081	20828160	5304240	53049	129590264	128458498808
1858229	33098500	4060	1987	4018176	372368	53130	129590264	128654575648
1860782	33148500	17552	2083	17829888	5057968	53210	129590264	128847238696
1863375	33198500	3932	1979	3883008	376144	53290	129590264	129042912360
1865947	33248500	20788	2082	21143552	5268288	53369	129590264	129234699752
1868750	33298500	2864	1966	2793472	353632	53450	129590264	129428822232
1871335	33348500	14896	2081	15110144	4972048	53530	129590264	129620677384
1873838	33398500	3004	1974	2932736	354336	53611	129590264	129816380824
1876318	33448500	15876	2058	16113664	4928512	53691	129590264	130008927872
1878898	33498500	3032	1961	2961408	349424	53772	129590264	130205482880
1881294	33548500	18532	2080	18833408	5269120	53851	129590264	130397487432
1883692	33598500	4608	1981	4579328	399376	53932	129590264	130592857080
1886178	33648500	18744	2078	19050496	5264448	54012	129590264	130784003400
1888653	33698500	3828	1968	3780608	364352	54092	129590264	130979458168
1891041	33748500	15144	2083	15364096	5123568	54172	129590264	131171645584
1893483	33798500	2600	1968	2519040	366528	54253	129590264	131367787632
1895832	33848500	20528	2085	20877312	5283184	54332	129590264	131560319208
1898213	33898500	2928	1968	2859008	348512	54414	129590264	131756496448
1900582	33948500	15092	2096	15310848	4965312	54495	129590264	131950094312
1902916	33998500	4228	1980	4190208	374912	54576	129590264	132146223040
1905301	34048500	19580	2084	19906560	5224672	54657	129590264	132340008496
1907583	34098500	3716	1974	3665920	343584	54739	129590264	132534788688
1909913	34148500	20088	2082	20426752	5368704	54819	129590264	132727172184
1912366	34198500	3288	1968	3227648	380000	54900	129590264	132922173496
1914660	34248500	19520	2082	19845120	5303360	54980	129590264	133117159552
1917030	34298500	4576	1975	4546560	365488	55061	129590264	133313212960
1919366	34348500	20084	2089	20422656	5351664	55142	129590264	133506083240
1921798	34398500	4832	1976	4808704	381088	55223	129590264	133702049056
1924061	34448500	20016	2082	20353024	5458176	55304	129590264	133894572464
1926531	34498500	2800	1965	2727936	346256	55385	129590264	134090381120
1928923	34548500	18656	2077	18960384	5175664	55465	129590264	134283240776
1931395	34598500	3696	1978	3645440	372864	55547	129590264	134480135152
1933740	34648500	15652	2084	15884288	5186528	55627	129590264	134672351424
1936116	34698500	4604	1981	4575232	416656	55708	129590264	134867752328
1938601	34748500	17728	2089	18010112	5194096	55788	129590264	135060796960
1941337	34798500	2656	1971	2576384	370160	55870	129590264	135257100480
1943906	34848500	16008	2082	16248832	5240512	55950	129590264	135450219136
1946403	34898500	4504	1980	4472832	396608	56031	129590264	135645381760
1948825	34948500	15708	2089	15941632	4862512	56112	129590264	135838876616
1951437	34998500	4104	1975	4063232	387088	56193	129590264	136035791128
1954887	35048500	20336	2083	20680704	5383472	56272	129590264	136228171928
1957299	35098500	4220	1968	4182016	360832	56354	129590264	136424446792
1959788	35148500	19552	2082	19877888	5225056	56434	129590264	136617554736
1962351	35198500	4100	1974	4059136	386176	56515	129590264	136814184472
1964673	35248500	19280	2085	19599360	5295312	56595	129590264	137006690256
1967017	35298500	2900	1968	2826240	363232	56676	129590264	137200899280
1969341	35348500	16484	2082	16736256	5228256	56757	129590264	137394702648
1971702	35398500	3056	1974	2985984	361696	56838	129590264	137589449200
1974060	35448500	18340	2079	18636800	4913200	56919	129590264	137782511768
1976769	35498500	2596	1969	2514944	363728	57000	129590264	137977877264
1979236	35548500	15456	2084	15683584	5023168	57080	129590264	138171046880
1981797	35598500	3408	1976	3350528	369408	57160	129590264	138366289696
1984381	35648500	20680	2087	21032960	5214448	57240	129590264	138560242512
1986971	35698500	3424	1976	3366912	369184	57321	129590264	138755284032
1989529	35748500	16812	2070	17072128	5223552	57400	129590264	138946286808
1992221	35798500	4016	1975	3973120	370480	57481	129590264	139143040688
1994638	35848500	20276	2080	20619264	5320576	57561	129590264	139337610184
1997176	35898500	3400	1969	3342336	349328	57643	129590264	139535186192
1999673	35948500	21156	2089	21520384	5304944	57723	129590264	139728931248
2002238	35998500	4628	1980	4599808	443104	57804	129590264	139925371800
2004692	36048500	16420	2083	16670720	5032912	57885	129590264	140118627104
2007076	36098500	4584	1973	4554752	380688	57966	129590264	140315062440
2009433	36148500	20512	2086	20860928	5227072	58046	129590264	140507650640
2011953	36198500	3208	1972	3145728	359072	58127	129590264	140703136376
2014350	36248500	18292	2084	18587648	5134080	58207	129590264	140896175704
2016853	36298500	3028	1965	2961408	350288	58288	129590264	141092735000
2019308	36348500	15520	2085	15749120	5085328	58368	129590264	141285864192
2021836	36398500	3312	1975	3252224	372688	58448	129590264	141479953168
2024325	36448500	19480	2078	19804160	5095776	58526	129590264	141672096712
2026834	36498500	4604	1981	4575232	418000	58607	129590264	141868958176
2029212	36548500	15992	2068	16232448	5230208	58688	129590264	142062776712
2031605	36598500	4564	1980	4534272	352320	58769	129590264	142258043256
2033881	36648500	17080	2082	17346560	5021760	58849	129590264	142450262352
2036188	36698500	3432	1966	3375104	375808	58931	129590264	142646748424
2038497	36748500	15664	2083	15896576	4942608	59012	129590264	142838959848
2040856	36798500	3040	1963	2973696	345040	59093	129590264	143034592656
2043254	36848500	16296	2081	16543744	5075984	59173	129590264	143226920768
2045593	36898500	2820	1963	2748416	345968	59255	129590264	143423246648
2047952	36948500	15452	2084	15679488	5091072	59335	129590264	143616091648
2050715	36998500	2888	1967	2818048	362064	59416	129590264	143812174656
2053283	37048500	18160	2078	18452480	5077728	59495	129590264	144005565840
2057328	37098500	2844	1966	2768896	346848	59577	129590264	144201068152
2059754	37148500	18716	2087	19021824	5134096	59657	129590264	144394270320
2062332	37198500	3120	1973	3055616	370064	59738	129590264	144589694944
2064773	37248500	17212	2087	17481728	4854960	59818	129590264	144781367808
2067267	37298500	4136	1970	4096000	365056	59900	129590264	144977614040
2069621	37348500	17668	2082	17948672	5189696	59980	129590264	145170267480
2072177	37398500	4648	1981	4620288	393488	60061	129590264	145366672464
2074576	37448500	19568	2060	19894272	5342880	60141	129590264	145560024760
2077021	37498500	4536	1982	4505600	370304	60222	129590264	145756791552
2079295	37548500	20464	2077	20811776	5347792	60303	129590264	145949862544
2081815	37598500	4788	1983	4763648	397744	60384	129590264	146145807200
2084253	37648500	16328	2079	16576512	5075152	60466	129590264	146339636152
2086598	37698500	2860	1967	2789376	364208	60547	129590264	146534794688
2089439	37748500	19924	2083	20258816	5113232	60627	129590264	146728218800
2093891	37798500	3708	1977	3657728	364240	60708	129590264	146923461728
2096793	37848500	16512	2087	16764928	5136752	60788	129590264	147116029984
2099349	37898500	4620	1982	4591616	415648	60868	129590264	147310396072
2101920	37948500	17348	2088	17620992	5075872	60948	129590264	147502403848
2104706	37998500	4264	1979	4227072	367568	61029	129590264	147699755680
2107402	38048500	20260	2064	20602880	5105152	61108	129590264	147892432976
2110265	38098500	4416	1982	4382720	378336	61188	129590264	148088100336
2113001	38148500	15132	2086	15351808	4981536	61268	129590264	148281634472
2115542	38198500	2984	1979	2912256	370384	61349	129590264	148477764504
2118214	38248500	15920	2081	16158720	5159216	61430	129590264	148670980520
2121593	38298500	2944	1976	2871296	356992	61512	129590264	148867565008
2124094	38348500	16468	2082	16719872	4997120	61591	129590264	149059037976
2126888	38398500	2724	1973	2646016	379984	61672	129590264	149254198744
2130739	38448500	15976	2088	16216064	4967904	61753	129590264	149448663272
2135407	38498500	4328	1983	4292608	360848	61833	129590264	149644542544
2138089	38548500	21004	2089	21364736	5474896	61912	129590264	149838050024
2141441	38598500	4568	1979	4538368	389808	61993	129590264	150032783840
2144266	38648500	21012	2084	21372928	5060224	62073	129590264	150224866672
2146790	38698500	4028	1975	3985408	354224	62154	129590264	150420974288
2149198	38748500	16008	2079	16248832	5279824	62234	129590264	150613812456
2151612	38798500	4248	1970	4210688	366144	62316	129590264	150809635528
2153977	38848500	19360	2082	19681280	5074784	62396	129590264	151002154440
2156476	38898500	2812	1971	2736128	370608	62478	129590264	151198573624
2158906	38948500	18708	2084	19013632	5189312	62557	129590264	151389961056
2165035	38998500	4668	1975	4640768	383888	62637	129590264	151585342888
2169766	39048500	18880	2081	19189760	5215088	62717	129590264	151778678312
2172167	39098500	4504	1968	4472832	372736	62798	129590264	151974289520
2174470	39148500	15048	2083	15265792	5061872	62879	129590264	152167105336
2176851	39198500	4148	1975	4108288	366032	62959	129590264	152362095040
2179149	39248500	16156	2085	16400384	5067504	63040	129590264	152555095208
2181458	39298500	2672	1964	2592768	362304	63121	129590264	152751084288
2183794	39348500	18916	2084	19226624	5195808	63200	129590264	152943344840
2186121	39398500	4380	1967	4345856	369424	63281	129590264	153139541416
2188456	39448500	15740	2077	15974400	4987472	63362	129590264	153332842696
2190814	39498500	3500	1972	3444736	365088	63443	129590264	153528010344
2193145	39548500	20236	2085	20578304	5155792	63523	129590264	153720616752
2196685	39598500	2968	1970	2899968	364576	63605	129590264	153917238368
2199114	39648500	19448	2087	19771392	5312848	63685	129590264	154110506744
2201594	39698500	4580	1978	4550656	372800	63765	129590264	154305964408
2204101	39748500	15408	2081	15634432	5105936	63845	129590264	154498976784
2206494	39798500	2636	1962	2555904	344896	63926	129590264	154694711832
2208831	39848500	20316	2083	20660224	5209392	64005	129590264	154888111088
2211382	39898500	2680	1974	2600960	357504	64086	129590264	155083958728
2213844	39948500	18168	2084	18460672	5209280	64166	129590264	155278145512
2216288	39998500	2984	1964	2912256	357248	64247	129590264	155472684400
2218729	40048500	18724	2061	19030016	5329840	64326	129590264	155665998264
2221688	40098500	3304	1978	3244032	379776	64408	129590264	155861781120
2224333	40148500	15456	2090	15683584	4890336	64488	129590264	156054833344
2226812	40198500	4332	1972	4296704	380544	64568	129590264	156250637200
2229282	40248500	20616	2084	20967424	5389984	64648	129590264	156444266896
2231939	40298500	4336	1973	4300800	369808	64729	129590264	156640130176
2234310	40348500	17524	2085	17801216	5179024	64809	129590264	156832704440
2236635	40398500	2624	1969	2543616	363696	64891	129590264	157029511608
2238937	40448500	15868	2084	16105472	4993536	64971	129590264	157221628496
2241270	40498500	3632	1970	3579904	384736	65053	129590264	157418114872
2243681	40548500	19256	2086	19574784	5212224	65133	129590264	157610483904
2246112	40598500	3472	1974	3416064	360224	65214	129590264	157806056552
2248476	40648500	17508	2088	17784832	5068640	65294	129590264	157998020832
2250970	40698500	2988	1968	2916352	365856	65376	129590264	158194939656
2253351	40748500	15340	2060	15564800	5060320	65456	129590264	158388132304
2255824	40798500	4292	1979	4255744	416592	65537	129590264	158584210072
2258247	40848500	17788	2082	18071552	5182432	65618	129590264	158777585480
2260794	40898500	2992	1974	2924544	364352	65699	129590264	158973868896
2263250	40948500	15328	2082	15552512	5012928	65779	129590264	159167116264
2265793	40998500	4180	1979	4141056	396432	65860	129590264	159362935192
2268279	41048500	18012	2072	18300928	5238912	65940	129590264	159556439608
2270821	41098500	4648	1983	4620288	399728	66020	129590264	159752684112
2273329	41148500	16440	2081	16691200	5111088	66101	129590264	159946493696
2275819	41198500	3040	1964	2969600	355712	66182	129590264	160142053456
2279079	41248500	16388	2077	16637952	5081488	66263	129590264	160335992184
2281626	41298500	4072	1979	4030464	388240	66344	129590264	160530304016
2284107	41348500	18936	2079	19247104	5083184	66424	129590264	160723459488
2286739	41398500	2800	1963	2727936	361232	66506	129590264	160919270800
2289311	41448500	19340	2072	19660800	5237568	66585	129590264	161111861360
2291859	41498500	2696	1972	2617344	363008	66666	129590264	161306857024
2294300	41548500	15148	2086	15368192	4911136	66746	129590264	161499604576
2296724	41598500	4912	1976	4890624	419680	66826	129590264	161695042560
2299085	41648500	15424	2078	15650816	5157920	66907	129590264	161888325112
2301433	41698500	4904	1976	4882432	403840	66988	129590264	162084331120
2303807	41748500	15036	2091	15253504	5247696	67069	129590264	162277920208
2306170	41798500	4632	1974	4603904	425824	67151	129590264	162474017872
2308483	41848500	15224	2080	15446016	5131680	67232	129590264	162666401880
2310861	41898500	4548	1978	4517888	461728	67313	129590264	162862041968
2313230	41948500	15952	2089	16191488	5031568	67394	129590264	163054102304
2315613	41998500	2940	1970	2867200	352512	67475	129590264	163250555640
2317944	42048500	18884	2069	19193856	4958288	67556	129590264	163443743896
2320281	42098500	2952	1965	2879488	365680	67638	129590264	163640701784
2322580	42148500	15900	2082	16138240	4894592	67718	129590264	163833277240
2324889	42198500	3732	1968	3682304	345248	67800	129590264	164029398144
2327135	42248500	19328	2081	19648512	5262224	67881	129590264	164223011048
2329445	42298500	2788	1979	2711552	371088	67963	129590264	164419512720
2331844	42348500	19228	2083	19546112	5123504	68042	129590264	164612245888
2334205	42398500	4312	1972	4276224	360096	68124	129590264	164808546832
2336545	42448500	16432	2076	16683008	4963872	68205	129590264	165001055560
2338905	42498500	2736	1968	2658304	347072	68287	129590264	165196769120
2341235	42548500	19936	2082	20271104	5372544	68367	129590264	165390006960
2343799	42598500	2548	1968	2465792	354176	68448	129590264	165584351368
2346137	42648500	20764	2078	21118976	5270112	68527	129590264	165776919680
2348673	42698500	2824	1966	2752512	354400	68609	129590264	165973555272
2351019	42748500	17152	2069	17420288	5053232	68688	129590264	166166204024
2353385	42798500	2908	1966	2834432	363808	68770	129590264	166362485384
2355678	42848500	19540	2087	19865600	5209616	68850	129590264	166554975272
2358156	42898500	4632	1980	4603904	436576	68930	129590264	166750852328
2360722	42948500	16828	2089	17088512	5029456	69011	129590264	166944255032
2363399	42998500	2608	1966	2527232	354528	69092	129590264	167139378864
2367724	43048500	16192	2084	16437248	5219776	69172	129590264	167332198560
2372386	43098500	2820	1966	2744320	348192	69253	129590264	167526830312
2377040	43148500	19152	2088	19468288	5179488	69332	129590264	167719699024
2381594	43198500	4724	1973	4698112	355824	69413	129590264	167916042544
2383984	43248500	17444	2084	17719296	5070144	69494	129590264	168108993544
2386258	43298500	4256	1975	4218880	422512	69576	129590264	168305860584
2388685	43348500	16036	2081	16277504	5071952	69657	129590264	168498699856
2390963	43398500	3256	1973	3190784	370768	69738	129590264	168694955608
2393210	43448500	19860	2079	20193280	5059056	69818	129590264	168886948496
2395500	43498500	2560	1969	2478080	355600	69900	129590264	169083257216
2397808	43548500	16024	2081	16265216	5046064	69980	129590264	169275628080
# done rounds=43592000 t_ms=2400028 asked=169460060368 rss_kib=18004 len=384
