bench/firn/fib.fi	pos	SAME	0	0	-
bench/firn/bubblesort.fi	pos	SAME	0	0	-
bench/firn/memstride.fi	pos	SAME	0	0	-
bench/firn/sieve.fi	pos	SAME	0	0	-
bench/gcdbg.fi	pos	SKIPPED	1	2	-
bench/firn/bitmap.fi	pos	SAME	0	0	-
examples/bubblesort.fi	pos	SAME	1	1	-
examples/hello.fi	pos	SAME	0	0	-
examples/structs.fi	pos	SAME	42	42	-
examples/fib.fi	pos	SAME	89	89	-
tests/001_return_const.fi	pos	SAME	7	7	-
tests/002_arith_add.fi	pos	SAME	30	30	-
tests/003_arith_precedence.fi	pos	SAME	14	14	-
tests/004_sub_neg.fi	pos	SAME	251	251	-
tests/005_div_signed.fi	pos	SAME	253	253	-
tests/006_div_unsigned.fi	pos	SAME	85	85	-
tests/007_rem_signed.fi	pos	SAME	2	2	-
tests/008_rem_unsigned.fi	pos	SAME	3	3	-
tests/009_bitops.fi	pos	SAME	90	90	-
tests/010_shifts.fi	pos	SAME	37	37	-
tests/011_cmp_eq.fi	pos	SAME	1	1	-
tests/012_cmp_unsigned.fi	pos	SAME	1	1	-
tests/013_cmp_signed_i8.fi	pos	SAME	1	1	-
tests/014_and_short_circuit.fi	pos	SAME	7	7	-
tests/015_or_short_circuit.fi	pos	SAME	3	3	-
tests/016_bool_not.fi	pos	SAME	1	1	-
tests/017_if_else_chain.fi	pos	SAME	3	3	-
tests/018_while_sum.fi	pos	SAME	55	55	-
tests/019_nested_while.fi	pos	SAME	100	100	-
tests/020_recursion_fact.fi	pos	SAME	120	120	-
tests/021_recursion_gcd.fi	pos	SAME	21	21	-
tests/022_recursion_deep.fi	pos	SAME	0	0	-
tests/023_mutual_recursion.fi	pos	SAME	1	1	-
tests/024_six_args.fi	pos	SAME	21	21	-
tests/025_argreg_shuffle.fi	pos	SAME	21	21	-
tests/025_call_in_args.fi	pos	SAME	30	30	-
tests/026_cast_widen_signed.fi	pos	SAME	255	255	-
tests/027_cast_widen_unsigned.fi	pos	SAME	255	255	-
tests/028_cast_narrow.fi	pos	SAME	101	101	-
tests/029_cast_bool.fi	pos	SAME	2	2	-
tests/030_wrap_u8.fi	pos	SAME	101	101	-
tests/031_ptr_deref.fi	pos	SAME	9	9	-
tests/032_ptr_param.fi	pos	SAME	17	17	-
tests/033_ptr_swap.fi	pos	SAME	12	12	-
tests/034_ptr_to_array_elem.fi	pos	SAME	30	30	-
tests/035_array_index.fi	pos	SAME	60	60	-
tests/036_array_write.fi	pos	SAME	45	45	-
tests/037_array_u8.fi	pos	SAME	6	6	-
tests/038_array_2d_like.fi	pos	SAME	36	36	-
tests/039_struct_fields.fi	pos	SAME	25	25	-
tests/040_struct_nested.fi	pos	SAME	10	10	-
tests/041_struct_array.fi	pos	SAME	14	14	-
tests/042_struct_ptr.fi	pos	SAME	11	11	-
tests/043_struct_layout.fi	pos	SAME	1	1	-
tests/044_const_decl.fi	pos	SAME	84	84	-
tests/045_const_in_array.fi	pos	SAME	12	12	-
tests/046_syscall_write.fi	pos	SAME	0	0	-
tests/047_syscall_ret.fi	pos	SAME	3	3	-
tests/048_print_number.fi	pos	SAME	0	0	-
bench/firn/branchy.fi	pos	SAME	0	0	-
tests/049_i64_range.fi	pos	SAME	1	1	-
tests/050_u64_big.fi	pos	SAME	1	1	-
tests/051_shift_u64.fi	pos	SAME	1	1	-
tests/052_shift_i64_arith.fi	pos	SAME	1	1	-
tests/053_shift_u8_logical.fi	pos	SAME	1	1	-
tests/054_i16_ops.fi	pos	SAME	101	101	-
tests/055_mixed_widths.fi	pos	SAME	200	200	-
tests/056_bool_var.fi	pos	SAME	1	1	-
tests/057_while_break_pattern.fi	pos	SAME	7	7	-
tests/058_early_return.fi	pos	SAME	3	3	-
tests/059_sieve.fi	pos	SAME	25	25	-
tests/060_fib_iterative.fi	pos	SAME	233	233	-
tests/061_binary_search.fi	pos	SAME	5	5	-
tests/062_matrix_struct.fi	pos	SAME	32	32	-
tests/063_struct_copy.fi	pos	SAME	7	7	-
tests/064_ptr_walk.fi	pos	SAME	100	100	-
tests/065_deep_nesting.fi	pos	SAME	6	6	-
bench/firn/statemachine.fi	pos	SAME	0	0	-
bench/firn/matmul.fi	pos	SAME	0	0	-
tests/1000_js_lex.fi	pos	SAME	0	0	-
tests/1004_js_f64_union.fi	pos	SAME	0	0	-
tests/100_agg_param_8.fi	pos	SAME	30	30	-
tests/101_agg_param_16.fi	pos	SAME	100	100	-
tests/102_agg_param_memory.fi	pos	SAME	60	60	-
tests/103_agg_return.fi	pos	SAME	77	77	-
tests/104_agg_array_param.fi	pos	SAME	10	10	-
tests/105_agg_value_semantics.fi	pos	SAME	7	7	-
tests/106_for_loop.fi	pos	SAME	55	55	-
tests/107_break_continue.fi	pos	SAME	25	25	-
tests/108_stack_args.fi	pos	SAME	45	45	-
tests/109_repeat_literal.fi	pos	SAME	32	32	-
tests/1100_float_literal_bits.fi	pos	SAME	0	0	-
tests/1101_float_halfway.fi	pos	SAME	0	0	-
tests/1102_float_subnormal.fi	pos	SAME	0	0	-
tests/1103_float_long_digits.fi	pos	SAME	0	0	-
tests/1104_float_extremes.fi	pos	SAME	0	0	-
tests/110_module.fi	pos	SAME	60	60	-
tests/111_abi_mixed.fi	pos	SAME	88	88	-
bench/firn/jsonscan.fi	pos	SAME	0	0	-
examples/tour.fi	pos	SAME	0	0	-
bench/firn/bytecount.fi	pos	SAME	0	0	-
bench/firn/xxhash.fi	pos	SAME	0	0	-
tests/1001_js_parse.fi	pos	SAME	0	0	-
tests/1003_js_gc_cycle.fi	pos	SAME	0	0	-
tests/1132_js_bigint.fi	pos	SAME	0	0	-
tests/1002_js_interp.fi	pos	SAME	0	0	-
tests/1133_js_class_private.fi	pos	SAME	0	0	-
tests/1135_js_gen_gc.fi	pos	SAME	0	0	-
tests/1131_js_async.fi	pos	SAME	0	0	-
tests/1180_layout_position.fi	pos	SAME	0	0	-
tests/1130_js_generators.fi	pos	SAME	0	0	-
tests/1134_js_sparse_array.fi	pos	SAME	0	0	-
tests/1182_layout_float_probe.fi	pos	SAME	0	0	-
tests/120_result_location.fi	pos	SAME	83	83	-
tests/1230_bitnot.fi	pos	SAME	0	0	-
tests/1232_line_continuation.fi	pos	SAME	0	0	-
tests/1236_gc_upcast_return.fi	pos	SAME	0	0	-
tests/1238_fnfield_call.fi	pos	SAME	0	0	-
tests/1242_asm_multi_out.fi	pos	SAME	0	0	-
tests/1247_f64_negation.fi	pos	SAME	0	0	-
tests/1249_error_union_f64.fi	pos	SAME	0	0	-
tests/1183_layout_flex_axes.fi	pos	SAME	0	0	-
tests/1181_layout_stacking.fi	pos	SAME	0	0	-
tests/1184_layout_percent_height.fi	pos	SAME	0	0	-
tests/1281_std_num_parse.fi	pos	SAME	0	0	-
tests/1186_layout_flex_base.fi	pos	SAME	0	0	-
tests/1280_std_io_span.fi	pos	SAME	0	0	-
tests/130_must_consume.fi	pos	SAME	12	12	-
tests/1283_std_io_ask.fi	pos	SAME	0	0	-
tests/1331_str_concat.fi	pos	SAME	0	0	-
tests/1284_std_io_text_owner.fi	pos	SAME	0	0	-
tests/1285_std_io_number_check.fi	pos	SAME	0	0	-
tests/1334_type_aliases.fi	pos	SAME	0	0	-
tests/1334b_type_truncation.fi	pos	SAME	101	101	-
tests/1282_std_io_read_line.fi	pos	SAME	0	0	-
tests/1335_literal_default.fi	pos	SAME	0	0	-
tests/1337_assign_op.fi	pos	SAME	0	0	-
tests/1338_assign_op_once.fi	pos	SAME	0	0	-
tests/1330_str_basics.fi	pos	SAME	0	0	-
tests/1333_str_array_unchanged.fi	pos	SAME	0	0	-
tests/1185_layout_anon_edges.fi	pos	SAME	0	0	-
tests/1400_core_span.fi	pos	SAME	0	0	-
tests/1401_core_number.fi	pos	SAME	0	0	-
tests/1188_layout_keyword_sizes.fi	pos	SAME	0	0	-
tests/140_symbolschema.fi	pos	SAME	33	33	-
tests/1450_f32_basics.fi	pos	SAME	0	0	-
tests/1451_f32_context.fi	pos	SAME	0	0	-
tests/1452_f32_abi.fi	pos	SAME	0	0	-
tests/1402_core_allocator.fi	pos	SAME	0	0	-
tests/1403_core_page_allocator.fi	pos	SAME	0	0	-
tests/1332_str_library.fi	pos	SAME	0	0	-
tests/1339_assign_op_str.fi	pos	SAME	0	0	-
tests/1336_fmt_types.fi	pos	SAME	0	0	-
tests/1404_core_unbroken.fi	pos	SAME	0	0	-
tests/1601_bytes_protocol.fi	pos	SAME	0	0	-
tests/1187_layout_reflow.fi	pos	SAME	0	0	-
tests/1603_md5_uuid.fi	pos	SAME	0	0	-
tests/1600_net_echo.fi	pos	SAME	0	0	-
tests/1602_nbt_roundtrip.fi	pos	SAME	0	0	-
tests/1453_f32_library.fi	pos	SAME	0	0	-
tests/1612_array_length_inferred.fi	pos	SAME	0	0	-
tests/1610_nbt_type_name.fi	pos	SAME	0	0	-
tests/1613_crypto.fi	pos	NOT_CORE	0	3	-
tests/1613_fnfield_through_a_pointer.fi	pos	SAME	0	0	-
tests/1614_simd_ops.fi	pos	NOT_CORE	0	3	-
tests/1900_mul_clobbers_rdx.fi	pos	SAME	0	0	-
tests/200_enum_basic.fi	pos	SAME	21	21	-
tests/201_enum_payload.fi	pos	SAME	47	47	-
tests/202_match_int_range.fi	pos	SAME	97	97	-
tests/203_match_nested.fi	pos	SAME	42	42	-
tests/204_match_bool.fi	pos	SAME	13	13	-
tests/205_match_candidate_chain.fi	pos	SAME	155	155	-
tests/206_match_return.fi	pos	SAME	24	24	-
tests/210_generic_fn.fi	pos	SAME	30	30	-
tests/211_generic_struct.fi	pos	SAME	54	54	-
tests/212_generic_map.fi	pos	SAME	165	165	-
tests/230_state_machine.fi	pos	SAME	244	244	-
tests/231_module_match.fi	pos	SAME	105	105	-
tests/1610_hash_map.fi	pos	SAME	0	0	-
tests/300_str16_surrogate.fi	pos	SAME	0	0	-
tests/301_bytes_utf8.fi	pos	SAME	0	0	-
tests/302_atom_intern.fi	pos	SAME	0	0	-
tests/304_strtod_hardcases.fi	pos	SAME	0	0	-
tests/305_dtoa_hardcases.fi	pos	SAME	0	0	-
tests/1612_json.fi	pos	SAME	0	0	-
tests/307_bignum.fi	pos	SAME	0	0	-
tests/308_str16_api.fi	pos	SAME	0	0	-
tests/303_wtf8_roundtrip.fi	pos	SAME	0	0	-
tests/331_stack_args.fi	pos	SAME	42	42	-
tests/400_error_union_basic.fi	pos	SAME	7	7	-
tests/401_try_chain.fi	pos	SAME	0	0	-
tests/332_adressierung.fi	pos	SAME	77	77	-
tests/403_catch_replacement.fi	pos	SAME	0	0	-
tests/402_try_variable.fi	pos	SAME	0	0	-
tests/404_union_struct.fi	pos	SAME	0	0	-
tests/405_union_big.fi	pos	SAME	0	0	-
tests/406_union_ptr.fi	pos	SAME	0	0	-
tests/407_union_parameter.fi	pos	SAME	0	0	-
tests/408_union_field.fi	pos	SAME	0	0	-
tests/409_union_assign.fi	pos	SAME	0	0	-
tests/410_two_sets.fi	pos	SAME	0	0	-
tests/411_try_loop.fi	pos	SAME	0	0	-
tests/412_union_i64.fi	pos	SAME	0	0	-
tests/413_union_small_types.fi	pos	SAME	0	0	-
tests/414_module_error.fi	pos	SAME	0	0	-
tests/415_must_consume_consumed.fi	pos	SAME	0	0	-
tests/416_error_output.fi	pos	SAME	0	0	-
tests/417_depth_exprs.fi	pos	SAME	0	0	-
tests/418_union_in_enum_program.fi	pos	SAME	0	0	-
tests/419_catch_binding.fi	pos	SAME	0	0	-
tests/430_ct_select.fi	pos	SAME	37	37	-
tests/431_ct_select_ptr.fi	pos	SAME	7	7	-
tests/432_ct_barrier.fi	pos	SAME	42	42	-
tests/433_ct_secure_zero.fi	pos	SAME	0	0	-
tests/500_gc_grundlagen.fi	pos	SAME	0	0	-
tests/510_gc_cycle_becomes_resolved.fi	pos	SAME	0	0	-
tests/306_dtoa_roundtrip_small.fi	pos	SAME	0	0	-
tests/530_gc_vererbung.fi	pos	SAME	0	0	-
tests/540_no_gc_call_tree.fi	pos	SAME	42	42	-
tests/541_no_gc_state_machine.fi	pos	SAME	99	99	-
tests/542_no_gc_module.fi	pos	SAME	100	100	-
tests/520_gc_weak.fi	pos	SAME	0	0	-
tests/550_rc_basic.fi	pos	SAME	0	0	-
tests/551_rc_weak.fi	pos	SAME	0	0	-
tests/552_rc_cycle_leak.fi	pos	SAME	0	0	-
tests/553_rc_fallible.fi	pos	SAME	0	0	-
tests/554_rc_soak.fi	pos	SAME	0	0	-
tests/570_string_literals.fi	pos	SAME	0	0	-
tests/580_defer.fi	pos	SAME	0	0	-
tests/581_errdefer.fi	pos	SAME	0	0	-
tests/590_f64.fi	pos	SAME	0	0	-
tests/1611_deflate.fi	pos	SAME	0	0	-
tests/591_f64_conversion.fi	pos	SAME	0	0	-
tests/600_comptime.fi	pos	COMPTIME	0	4	-
tests/601_comptime_emit.fi	pos	SAME	0	0	-
tests/535_gc_fallible_allocation.fi	pos	SAME	0	0	-
tests/602_comptime_ucd.fi	pos	SAME	0	0	-
tests/611_size_of.fi	pos	SAME	0	0	-
tests/630_modulkette.fi	pos	SAME	0	0	-
tests/620_vec_heap.fi	pos	SAME	0	0	-
tests/610_rt.fi	pos	SAME	0	0	-
tests/640_vec_module.fi	pos	SAME	0	0	-
tests/660_args.fi	pos	SAME	0	0	-
tests/670_layout_abi.fi	pos	SAME	0	0	-
tests/680_typableitung.fi	pos	SAME	0	0	-
tests/560_dom_cycles.fi	pos	SAME	0	0	-
tests/690_lowering_core.fi	pos	SAME	0	0	-
tests/710_module_core.fi	pos	SAME	0	0	-
tests/720_defer_core.fi	pos	SAME	0	0	-
tests/730_generics_core.fi	pos	SAME	0	0	-
tests/740_error_union_core.fi	pos	SAME	0	0	-
tests/760_comptime_core.fi	pos	SAME	0	0	-
tests/770_gc_core.fi	pos	SAME	0	0	-
tests/650_map_module.fi	pos	SAME	0	0	-
tests/651_intern_module.fi	pos	SAME	0	0	-
tests/780_ct_core.fi	pos	SAME	0	0	-
tests/771_gc_build_without_stw.fi	pos	SAME	0	0	-
tests/700_process_start.fi	pos	SAME	0	0	-
tests/791_interpolation_core.fi	pos	SAME	0	0	-
tests/801_std_num_core.fi	pos	SAME	0	0	-
tests/800_std_str_core.fi	pos	SAME	0	0	-
tests/802_std_vec_core.fi	pos	SAME	0	0	-
tests/790_std_core.fi	pos	SAME	0	0	-
tests/804_std_math_core.fi	pos	SAME	0	0	-
tests/810_impl_core.fi	pos	SAME	0	0	-
tests/811_impl_module_core.fi	pos	SAME	0	0	-
tests/803_std_map_core.fi	pos	SAME	0	0	-
tests/806_std_io_core.fi	pos	SAME	0	0	-
tests/820_iface_core.fi	pos	SAME	0	0	-
tests/820_gc_finalizer.fi	pos	SAME	0	0	-
tests/821_iface_module_core.fi	pos	SAME	0	0	-
tests/805_std_math_f64.fi	pos	SAME	0	0	-
tests/822_gc_weak_zeroed.fi	pos	SAME	0	0	-
tests/822_iface_gc_core.fi	pos	SAME	0	0	-
tests/821_gc_finalizer_limits.fi	pos	SAME	0	0	-
tests/830_arc_basic.fi	pos	SAME	0	0	-
tests/812_impl_std_core.fi	pos	SAME	0	0	-
tests/830_bounds_core.fi	pos	SAME	0	0	-
tests/831_arc_weak.fi	pos	SAME	0	0	-
tests/832_arc_cycle_leak.fi	pos	SAME	0	0	-
tests/831_bounds_std_core.fi	pos	SAME	0	0	-
tests/823_gc_finalizer_reentrancy.fi	pos	SAME	71	71	-
tests/824_gc_finalizer_resurrection.fi	pos	SAME	73	73	-
tests/834_arc_thread.fi	pos	DIFFER	9	0	-
tests/833_arc_gc_root.fi	pos	SAME	0	0	-
tests/840_gcvec_basic.fi	pos	SAME	0	0	-
tests/850_asm_basic.fi	pos	SAME	42	42	-
tests/851_asm_volatile.fi	pos	SAME	7	7	-
tests/852_asm_no_cse.fi	pos	SAME	3	3	-
tests/853_mmio_no_merging.fi	pos	SAME	14	14	-
tests/854_mmio_widths.fi	pos	SAME	10	10	-
tests/842_gcmap_basic.fi	pos	SAME	0	0	-
tests/860_thread_basic.fi	pos	DIFFER	14	0	-
tests/861_thread_gc.fi	pos	SAME	0	0	-
tests/870_fnval_core.fi	pos	SAME	0	0	-
tests/871_closure_plain.fi	pos	SAME	0	0	-
tests/862_thread_local.fi	pos	SAME	0	0	-
tests/1501_js_regexp.fi	pos	SAME	0	0	-
tests/1502_js_date.fi	pos	SAME	0	0	-
tests/874_vec_sort_by.fi	pos	SAME	0	0	-
tests/890_frame_bitmap.fi	pos	SAME	42	42	-
tests/843_collections_interplay.fi	pos	SAME	0	0	-
tests/891_kernel_heap.fi	pos	SAME	42	42	-
tests/873_closure_gc_root.fi	pos	SAME	0	0	-
tests/872_closure_capture.fi	pos	SAME	0	0	-
tests/875_closure_callback.fi	pos	SAME	0	0	-
tests/910_css_tokenizer.fi	pos	SAME	0	0	-
tests/900_dom_core.fi	pos	SAME	0	0	-
tests/912_css_anb.fi	pos	SAME	0	0	-
tests/901_dom_tree_gc.fi	pos	SAME	0	0	-
tests/841_gcvec_incremental.fi	pos	SAME	0	0	-
tests/911_css_parser.fi	pos	SAME	0	0	-
tests/902_tree_construction.fi	pos	SAME	0	0	-
tests/1500_js_builtins2.fi	pos	SAME	0	0	-
tests/913_css_selectors.fi	pos	SAME	0	0	-
tests/914_css_cascade.fi	pos	SAME	0	0	-
tests/915_css_gc.fi	pos	SAME	0	0	-
tests/970_fs_layout.fi	pos	SAME	42	42	-
tests/971_round_robin.fi	pos	SAME	42	42	-
tests/chain/deep.fi	pos	SKIPPED	1	8	-
tests/chain/mid.fi	pos	SKIPPED	1	8	-
tests/modules/bounds.fi	pos	SKIPPED	1	8	-
tests/modules/core/deep.fi	pos	SKIPPED	1	8	-
tests/modules/core/gccore.fi	pos	SKIPPED	1	8	-
tests/modules/core/mid.fi	pos	SKIPPED	1	8	-
tests/modules/core/templates.fi	pos	SKIPPED	1	8	-
tests/modules/draw.fi	pos	SKIPPED	1	8	-
tests/modules/error_source.fi	pos	SKIPPED	1	8	-
tests/940_layout_box_model.fi	pos	SAME	0	0	-
tests/modules/geo.fi	pos	SKIPPED	1	8	-
tests/modules/math.fi	pos	SKIPPED	1	8	-
tests/modules/nogc_hot.fi	pos	SKIPPED	1	8	-
tests/modules/rc.fi	pos	SKIPPED	1	8	-
tests/modules/state.fi	pos	SKIPPED	1	8	-
tests/modules/text.fi	pos	SKIPPED	1	2	-
tests/nogc_waits_on_gc/nogc_gc_allocation.fi	pos	SKIPPED	1	1	-
tests/nogc_waits_on_gc/nogc_gc_field.fi	pos	SKIPPED	1	1	-
tests/opt/block_merge.fi	pos	SAME	3	3	-
tests/opt/cells_alias_clobber.fi	pos	SAME	0	0	-
tests/opt/cse_common.fi	pos	SAME	5	5	-
tests/opt/dead_after_if.fi	pos	SAME	8	8	-
tests/opt/dead_branch.fi	pos	SAME	42	42	-
tests/opt/dead_loop.fi	pos	SAME	3	3	-
tests/opt/dead_store.fi	pos	SAME	7	7	-
tests/opt/fold_arith.fi	pos	SAME	42	42	-
tests/opt/fold_bits.fi	pos	SAME	90	90	-
tests/opt/fold_cast_shift.fi	pos	SAME	100	100	-
tests/opt/inline_call.fi	pos	SAME	9	9	-
tests/opt/licm_hoist.fi	pos	SAME	42	42	-
tests/opt/mem2reg_single_store.fi	pos	SAME	42	42	-
tests/opt/redundant_check.fi	pos	SAME	12	12	-
tests/1503_js_r74_gc.fi	pos	SAME	0	0	-
tests/opt/regalloc_loop.fi	pos	SAME	55	55	-
tests/modules/fhelper.fi	pos	SKIPPED	1	8	-
tests/942_layout_inline_flow.fi	pos	SAME	0	0	-
tests/943_layout_float_position.fi	pos	SAME	0	0	-
tests/944_layout_flex.fi	pos	SAME	0	0	-
tests/941_layout_margin_collapse.fi	pos	SAME	0	0	-
tests/945_layout_gc.fi	pos	SAME	0	0	-
tests/lexneg/bytes_literal.fi	neg	REFUSED_MUTE	1	1	-
tests/lexneg/digit_wrong_base.fi	neg	REFUSED_MUTE	1	1	-
tests/lexneg/block_comment_open.fi	neg	REFUSED_MUTE	1	1	-
tests/lexneg/exponent_empty.fi	neg	REFUSED_MUTE	1	1	-
tests/lexneg/literal_open.fi	neg	REFUSED_MUTE	1	1	-
tests/lexneg/surrogate.fi	neg	REFUSED_MUTE	1	1	-
tests/lexneg/masking.fi	neg	REFUSED_MUTE	1	1	-
tests/lexneg/number_too_big.fi	neg	REFUSED_MUTE	1	1	-
tests/lexneg/unknown_char.fi	neg	REFUSED_MUTE	1	1	-
tests/neg/1050_hint_unknown_name.fi	neg	REFUSED_MUTE	1	1	-
tests/neg/1051_hint_unknown_function.fi	neg	REFUSED_MUTE	1	1	-
tests/lexneg/u_escape.fi	neg	REFUSED_MUTE	1	1	-
tests/neg/1053_hint_unknown_struct_type.fi	neg	REFUSED_MUTE	1	1	-
tests/neg/1062_hint_apostrophe.fi	neg	REFUSED_MUTE	1	1	-
tests/neg/1055_hint_no_nonsense.fi	neg	REFUSED_MUTE	1	1	-
tests/neg/1052_hint_unknown_field.fi	neg	REFUSED_MUTE	1	1	-
tests/neg/1061_hint_quotation_mark.fi	neg	REFUSED_MUTE	1	1	-
tests/neg/1060_hint_dash.fi	neg	REFUSED_MUTE	1	1	-
tests/neg/1063_hint_nonbreaking_blank.fi	neg	REFUSED_MUTE	1	1	-
tests/neg/1054_hint_field_in_literal.fi	neg	REFUSED_MUTE	1	1	-
tests/neg/1065_hint_at_sign.fi	neg	REFUSED_MUTE	1	1	-
tests/neg/1064_tilde_needs_integer.fi	neg	REFUSED_MUTE	1	1	-
tests/neg/1231_not_needs_bool.fi	neg	REFUSED_MUTE	1	1	-
tests/neg/1233_star_is_no_continuation.fi	neg	REFUSED_MUTE	1	1	-
tests/neg/1235_operator_without_left_side.fi	neg	REFUSED_MUTE	1	1	-
tests/neg/1234_continuation_without_operand.fi	neg	REFUSED_MUTE	1	1	-
tests/neg/1243_asm_out_twice.fi	neg	REFUSED_MUTE	1	1	-
tests/neg/1245_asm_out_needs_pointer.fi	neg	REFUSED_MUTE	1	1	-
tests/neg/1248_f64_has_no_bitnot.fi	neg	REFUSED_MUTE	1	1	-
tests/neg/1240_fnfield_argument_type.fi	neg	REFUSED_MUTE	1	1	-
tests/neg/1239_fnfield_arity.fi	neg	REFUSED_MUTE	1	1	-
tests/neg/1244_asm_two_bare_out.fi	neg	REFUSED_MUTE	1	1	-
tests/neg/1610_escape_return_local.fi	neg	REFUSED_LOUD	1	1	-
tests/neg/1241_field_is_no_function.fi	neg	REFUSED_MUTE	1	1	-
tests/neg/1246_asm_out_width.fi	neg	REFUSED_MUTE	1	1	-
tests/neg/1612_length_underscore_needs_a_literal.fi	neg	REFUSED_MUTE	1	1	-
tests/neg/1611_escape_into_a_keeper.fi	neg	REFUSED_LOUD	1	1	-
tests/neg/1613_length_underscore_in_a_parameter.fi	neg	REFUSED_MUTE	1	1	-
tests/neg/876_closure_in_template.fi	neg	REFUSED_MUTE	1	1	-
tests/neg/878_fnval_bad_return.fi	neg	REFUSED_MUTE	1	1	-
tests/neg/881_fnval_argument_type.fi	neg	REFUSED_MUTE	1	1	-
tests/neg/880_fnval_arity.fi	neg	REFUSED_MUTE	1	1	-
tests/neg/882_fnval_not_callable.fi	neg	REFUSED_MUTE	1	1	-
tests/neg/883_fnval_signature.fi	neg	REFUSED_MUTE	1	1	-
tests/neg/885_closure_capture_without_gc.fi	neg	REFUSED_MUTE	1	1	-
tests/neg/884_fnval_result_type.fi	neg	REFUSED_MUTE	1	1	-
tests/neg/888_closure_out_of_scope.fi	neg	REFUSED_MUTE	1	1	-
tests/neg/arc_discarded.fi	neg	REFUSED_MUTE	1	1	-
tests/neg/arg_count.fi	neg	REFUSED_MUTE	1	1	-
tests/neg/arg_type.fi	neg	REFUSED_MUTE	1	1	-
tests/neg/assign_let.fi	neg	ACCEPTED	1	0	-
tests/neg/assign_op_f64.fi	neg	REFUSED_MUTE	1	1	-
tests/neg/assign_op_let.fi	neg	ACCEPTED	1	0	-
tests/neg/assign_op_type.fi	neg	REFUSED_MUTE	1	1	-
tests/neg/atomcas_ty.fi	neg	ACCEPTED	1	0	-
tests/neg/1237_gc_upcast_only_upward.fi	neg	REFUSED_MUTE	1	1	-
tests/neg/atomic_digits.fi	neg	REFUSED_MUTE	1	1	-
tests/neg/atomic_ty.fi	neg	ACCEPTED	1	0	-
tests/neg/attr_must_consume_fn.fi	neg	REFUSED_MUTE	1	1	-
tests/neg/attr_not_implemented.fi	neg	REFUSED_MUTE	1	3	-
tests/neg/attr_must_consume_ty.fi	neg	REFUSED_MUTE	1	1	-
tests/neg/attr_unknown.fi	neg	REFUSED_MUTE	1	3	-
tests/neg/attr_wrong_target.fi	neg	REFUSED_MUTE	1	3	-
tests/neg/bad_call.fi	neg	REFUSED_MUTE	1	1	-
tests/neg/bound_base_ty_without_impl.fi	neg	REFUSED_MUTE	1	1	-
tests/neg/bound_duplicate.fi	neg	REFUSED_MUTE	1	1	-
tests/neg/bound_duplicate_impl_base_ty.fi	neg	REFUSED_MUTE	1	1	-
tests/neg/bound_dyn_base_ty.fi	neg	REFUSED_MUTE	1	1	-
tests/neg/bound_contradiction.fi	neg	REFUSED_MUTE	1	1	-
tests/neg/bound_method_partial.fi	neg	REFUSED_MUTE	1	1	-
tests/neg/bound_nested.fi	neg	REFUSED_MUTE	1	1	-
tests/neg/bound_no_impl.fi	neg	REFUSED_MUTE	1	1	-
tests/neg/bound_ptr_arg.fi	neg	REFUSED_MUTE	1	1	-
tests/neg/889_closure_capture_aggregate.fi	neg	REFUSED_MUTE	1	1	-
tests/neg/bound_second_interface.fi	neg	REFUSED_MUTE	1	1	-
tests/neg/bound_self_dyn.fi	neg	REFUSED_MUTE	1	1	-
tests/neg/bound_unknown.fi	neg	REFUSED_MUTE	1	1	-
tests/neg/bound_struct.fi	neg	REFUSED_MUTE	1	1	-
tests/neg/bound_signature.fi	neg	REFUSED_MUTE	1	1	-
tests/neg/comptime_file_parent.fi	neg	REFUSED_LOUD	1	1	-
tests/neg/comptime_file_absolute.fi	neg	REFUSED_LOUD	1	1	-
tests/neg/comptime_ptr.fi	neg	REFUSED_MUTE	1	4	-
tests/neg/cond_not_bool.fi	neg	REFUSED_MUTE	1	1	-
tests/neg/887_closure_write_capture.fi	neg	ACCEPTED	1	0	-
tests/neg/core_break_outside.fi	neg	ACCEPTED	1	0	-
tests/neg/core_module_missing.fi	neg	REFUSED_MUTE	1	2	-
tests/neg/core_repeat_length.fi	neg	REFUSED_MUTE	1	1	-
tests/neg/core_export.fi	neg	ACCEPTED	1	0	-
tests/neg/core_for_types.fi	neg	REFUSED_MUTE	1	1	-
tests/neg/ct_barrier_aggregate.fi	neg	REFUSED_MUTE	1	1	-
tests/neg/ct_secure_zero_no_ptr.fi	neg	REFUSED_MUTE	1	1	-
tests/neg/ct_select_digit_count.fi	neg	REFUSED_MUTE	1	1	-
tests/neg/ct_select_types_different.fi	neg	REFUSED_MUTE	1	1	-
tests/neg/ct_select_cond.fi	neg	REFUSED_MUTE	1	1	-
tests/neg/defer_break.fi	neg	ACCEPTED	1	0	-
tests/neg/deref_not_ptr.fi	neg	REFUSED_MUTE	1	1	-
tests/neg/err_catch_without_union.fi	neg	REFUSED_MUTE	1	1	-
tests/neg/defer_return.fi	neg	REFUSED_MUTE	1	139	-
tests/neg/err_catch_ty.fi	neg	REFUSED_MUTE	1	1	-
tests/neg/err_compare_sets.fi	neg	REFUSED_MUTE	1	1	-
tests/neg/err_discarded.fi	neg	REFUSED_MUTE	1	1	-
tests/neg/err_duplicate_variant.fi	neg	REFUSED_MUTE	1	1	-
tests/neg/err_ret_ty.fi	neg	REFUSED_MUTE	1	1	-
tests/neg/err_union_in_struct.fi	neg	REFUSED_MUTE	1	1	-
tests/neg/err_try_outside.fi	neg	REFUSED_MUTE	1	1	-
tests/neg/886_closure_gc_without_capture.fi	neg	REFUSED_MUTE	1	1	-
tests/neg/err_unknown_set.fi	neg	REFUSED_MUTE	1	1	-
tests/neg/err_wrong_set.fi	neg	REFUSED_MUTE	1	1	-
tests/neg/err_unknown_variant.fi	neg	REFUSED_MUTE	1	1	-
tests/neg/f32_kernel_needs_allow_fp.fi	neg	ACCEPTED	1	0	-
tests/neg/877_closure_nogc.fi	neg	ACCEPTED	1	0	-
tests/neg/errdefer_union_propagation.fi	neg	REFUSED_MUTE	1	1	-
tests/neg/f32_no_bitop.fi	neg	REFUSED_MUTE	1	1	-
tests/neg/field_not_struct.fi	neg	REFUSED_MUTE	1	1	-
tests/neg/f32_no_narrowing.fi	neg	REFUSED_MUTE	1	1	-
tests/neg/f32_no_modulo.fi	neg	REFUSED_MUTE	1	1	-
tests/neg/comptime_endless.fi	neg	REFUSED_MUTE	1	4	-
tests/neg/f64_no_implicit_conversion.fi	neg	REFUSED_MUTE	1	1	-
tests/neg/f64_no_modulo.fi	neg	REFUSED_MUTE	1	1	-
tests/neg/free_asm_two_out.fi	neg	REFUSED_MUTE	1	1	-
tests/neg/free_asm_operand_no_scalar.fi	neg	REFUSED_MUTE	1	1	-
tests/neg/free_asm_register_locked.fi	neg	REFUSED_LOUD	1	8	-
tests/neg/free_asm_unknown_register.fi	neg	REFUSED_MUTE	1	1	-
tests/neg/free_float_without_allow_fp.fi	neg	ACCEPTED	1	0	-
tests/neg/free_interrupt_ret.fi	neg	ACCEPTED	1	0	-
tests/neg/free_interrupt_parameter.fi	neg	ACCEPTED	1	0	-
tests/neg/free_mmio_digit_count.fi	neg	REFUSED_MUTE	1	1	-
tests/neg/free_interrupt_call.fi	neg	ACCEPTED	1	0	-
tests/neg/free_interrupt_only_kernel.fi	neg	REFUSED_LOUD	1	8	-
tests/neg/free_syscall_in_kernel.fi	neg	REFUSED_MUTE	1	1	-
tests/neg/free_unknown_profile.fi	neg	ACCEPTED	1	0	-
tests/neg/free_unwinds_in_kernel.fi	neg	REFUSED_MUTE	1	3	-
tests/neg/1620_str_method_nearest.fi	neg	REFUSED_MUTE	1	1	-
tests/neg/free_std_import_in_kernel.fi	neg	REFUSED_LOUD	1	1	-
tests/neg/gc_multiple_inheritance.fi	neg	REFUSED_MUTE	1	1	-
tests/neg/generic_arg_count.fi	neg	REFUSED_MUTE	1	1	-
tests/neg/generic_requirement.fi	neg	REFUSED_MUTE	1	1	-
tests/neg/generic_without_ty_args.fi	neg	REFUSED_MUTE	1	1	-
tests/neg/iface_body.fi	neg	REFUSED_MUTE	1	1	-
tests/neg/iface_does_not_impl.fi	neg	REFUSED_MUTE	1	1	-
tests/neg/iface_duplicate_impl.fi	neg	REFUSED_MUTE	1	1	-
tests/neg/1621_str_is_no_buffer.fi	neg	REFUSED_MUTE	1	1	-
tests/neg/iface_dyn_unknown.fi	neg	REFUSED_MUTE	1	5	-
tests/neg/iface_method_missing.fi	neg	REFUSED_MUTE	1	1	-
tests/neg/iface_no_method.fi	neg	REFUSED_MUTE	1	1	-
tests/neg/iface_no_ptr.fi	neg	REFUSED_MUTE	1	1	-
tests/neg/iface_param_count.fi	neg	REFUSED_MUTE	1	1	-
tests/neg/gc_as_not_related.fi	neg	REFUSED_MUTE	1	1	-
tests/neg/gc_class_as_struct_field.fi	neg	REFUSED_MUTE	1	1	-
tests/neg/iface_ptr_receiver.fi	neg	REFUSED_MUTE	1	1	-
tests/neg/iface_receiver_value.fi	neg	REFUSED_MUTE	1	1	-
tests/neg/iface_signature_parameter.fi	neg	REFUSED_MUTE	1	1	-
tests/neg/iface_signature_ret.fi	neg	REFUSED_MUTE	1	1	-
tests/neg/iface_unknown.fi	neg	REFUSED_MUTE	1	1	-
tests/neg/gc_field_ty_forbidden.fi	neg	REFUSED_MUTE	1	1	-
tests/neg/impl_arg_count.fi	neg	REFUSED_MUTE	1	1	-
tests/neg/impl_no_struct.fi	neg	REFUSED_MUTE	1	1	-
tests/neg/impl_argument_ty.fi	neg	REFUSED_MUTE	1	1	-
tests/neg/impl_free_func_is_no_method.fi	neg	REFUSED_MUTE	1	1	-
tests/neg/impl_no_method.fi	neg	REFUSED_MUTE	1	1	-
tests/neg/impl_receiver_without_address.fi	neg	REFUSED_MUTE	1	1	-
tests/neg/impl_receiver_is_ptr.fi	neg	REFUSED_MUTE	1	1	-
tests/neg/implicit_cast.fi	neg	REFUSED_MUTE	1	1	-
tests/neg/index_not_array.fi	neg	REFUSED_MUTE	1	1	-
tests/neg/impl_without_receiver.fi	neg	REFUSED_MUTE	1	1	-
tests/neg/int_gc_not_implemented.fi	neg	REFUSED_MUTE	1	1	-
tests/neg/int_secret_not_implemented.fi	neg	REFUSED_MUTE	1	3	-
tests/neg/kernel_liar.fi	neg	REFUSED_MUTE	1	1	-
tests/neg/kernel_std_io.fi	neg	REFUSED_LOUD	1	1	-
tests/neg/literal_default_overflow.fi	neg	ACCEPTED	1	0	-
tests/neg/match_int_without_catch.fi	neg	REFUSED_MUTE	1	1	-
tests/neg/match_missing_variant.fi	neg	REFUSED_MUTE	1	1	-
tests/neg/match_unerreichbar.fi	neg	REFUSED_MUTE	1	1	-
tests/neg/gc_result_discarded.fi	neg	REFUSED_MUTE	1	1	-
tests/neg/match_unknown_variant.fi	neg	REFUSED_MUTE	1	1	-
tests/neg/method_without_ty.fi	neg	REFUSED_MUTE	1	1	-
tests/neg/gc_class_on_the_stack.fi	neg	REFUSED_MUTE	1	1	-
tests/neg/iface_dyn_in_gc_class.fi	neg	REFUSED_MUTE	1	1	-
tests/neg/missing_brace.fi	neg	REFUSED_MUTE	1	1	-
tests/neg/nogc_call_without_attr.fi	neg	REFUSED_MUTE	1	1	-
tests/neg/modules/math.fi	neg	REFUSED_LOUD	1	8	-
tests/neg/no_return.fi	neg	ACCEPTED	1	0	-
tests/neg/modules/nogc_cold.fi	neg	REFUSED_LOUD	1	8	-
tests/neg/nogc_module_boundary.fi	neg	REFUSED_MUTE	1	1	-
tests/neg/nogc_match_case.fi	neg	REFUSED_MUTE	1	1	-
tests/neg/nogc_transitiv.fi	neg	REFUSED_MUTE	1	1	-
tests/neg/step_in_expression.fi	neg	REFUSED_MUTE	1	1	-
tests/neg/std/kernel_liar.fi	neg	REFUSED_MUTE	1	1	-
tests/neg/rc_discarded.fi	neg	REFUSED_MUTE	1	1	-
tests/neg/step_let.fi	neg	ACCEPTED	1	0	-
tests/neg/str_empty_array.fi	neg	REFUSED_MUTE	1	1	-
tests/neg/interp_paren_alone.fi	neg	REFUSED_MUTE	1	1	-
tests/neg/rc_immutable.fi	neg	REFUSED_MUTE	1	1	-
tests/neg/interp_paren_open.fi	neg	REFUSED_MUTE	1	1	-
tests/neg/str_bytes_is_no_text.fi	neg	REFUSED_MUTE	1	1	-
tests/neg/str16_is_no_bytes.fi	neg	REFUSED_MUTE	1	1	-
tests/neg/two_errors.fi	neg	REFUSED_MUTE	1	1	-
tests/neg/unknown_var.fi	neg	REFUSED_MUTE	1	1	-
tests/neg/untyped_literal.fi	neg	REFUSED_MUTE	1	1	-
tests/neg/free_gc_class_in_kernel.fi	neg	REFUSED_MUTE	1	1	-
tests/neg/str_operator.fi	neg	REFUSED_MUTE	1	1	-
tests/neg/str_wide.fi	neg	REFUSED_MUTE	1	1	-
tests/neg/thread_self_digits.fi	neg	REFUSED_MUTE	1	1	-
tests/neg/thread_ty.fi	neg	REFUSED_MUTE	1	1	-
tests/neg/thread_digits.fi	neg	REFUSED_MUTE	1	1	-
tests/neg/interp_unknown_name.fi	neg	REFUSED_MUTE	1	1	-
