# firn-gc-soak v1 mode=0 (0=replace, 1=keep/must grow)
# columns: t_ms rounds rss_kib live heap_bytes live_bytes collections pause_win_ns mark_win_ns sweep_win_ns stop_win_ns full_runs overflows asked
0	0	1952	0	1843200	0	0	0	0	0	0	0	0	0
5124	38912	15444	7664	15687680	6538528	54	22037990	5052226	225212	26421230	0	0	154596824
10271	78848	31384	7682	32010240	11617088	85	22668117	5281998	258912	22944219	0	0	265885400
15519	107520	25624	7683	26103808	10919408	117	23933508	5995984	238272	29342318	0	0	385179144
20910	149504	28800	10869	29384704	14646960	149	24163890	8197515	234582	28258947	0	0	498575512
26155	179200	25132	7683	25604096	10752720	183	22729937	10392655	230392	32152723	0	0	625207984
31498	222208	28144	7683	28692480	11568208	217	22233873	5850864	242342	22806908	0	0	746889936
36629	250880	24172	7681	24616960	10866160	250	33932509	5304968	3094628	34234071	0	0	865819512
42025	293888	31740	7666	32370688	11224480	284	24057799	8741509	253022	29198146	0	0	986641368
47353	323584	23072	7676	23490560	10950752	319	22384714	4159258	242052	22792057	0	0	1114555576
52859	366592	27148	7680	27664384	11683296	353	25686284	8199545	255642	26030517	0	0	1235038872
57990	395264	29740	7658	30318592	10950944	385	24608504	6378348	256802	30990022	0	0	1354042424
63435	438272	31224	7678	31842304	11584256	419	22996470	5431510	270592	23332393	0	0	1474731288
68798	467968	28112	7682	28651520	10801696	453	24798006	4736423	248262	25229900	0	0	1601924560
73989	509952	24656	7679	25112576	11398704	486	23467873	5295469	256772	23988398	0	0	1713672488
79235	539648	28788	7680	29347840	11075616	520	23434133	6952093	259782	30389497	0	0	1841952136
84494	562176	31276	10889	31924224	14056560	538	30006533	14849025	243042	43505766	0	0	1910942192
89495	598016	10444	4930	10579968	3281056	569	22815278	7319887	247402	27067007	0	0	2020025352
94725	630784	24568	7682	25018368	11636512	598	22826138	6802302	221232	28126276	0	0	2124964096
99833	659456	24420	7680	24875008	10760896	630	24790206	8259445	234002	33052741	0	0	2244447888
105294	702464	30260	7678	30846976	11531264	664	22875819	6193016	244062	27010506	0	0	2364971960
110514	731136	29808	7681	30392320	11011216	696	22949009	5988065	239483	28940474	0	0	2483971240
115547	765952	10436	5639	10567680	3823824	725	22479455	6516469	264413	27375449	0	0	2585087912
120761	798720	28656	7681	29208576	11513744	753	23672566	6707511	253263	30384337	0	0	2689502000
125860	827392	23320	7681	23744512	10874928	786	22115802	5887913	226422	28007005	0	0	2808112272
131396	870400	25212	7679	25677824	11416368	820	23963458	6439408	312113	29349057	0	0	2927865432
136994	897024	28200	10891	28762112	14139504	847	29484748	14470121	235213	43149843	0	0	3030452608
142050	927744	16568	7696	16834560	6545600	877	24141940	8670279	253963	24571714	0	0	3146168232
147144	966656	30272	7681	30859264	11402864	907	22453855	6142626	294122	25444352	0	0	3253240264
152477	996352	20876	7689	21237760	8577328	941	30371426	4256069	3078288	33609756	0	0	3378384504
157488	1040384	29996	7682	30588928	11467840	977	19779420	3713464	373934	20153243	0	0	3509052424
162761	1086464	30528	7678	31133696	11539744	1018	21482936	5663772	403433	26650363	0	0	3654651792
168156	1134592	27196	7679	27717632	11463472	1064	16527260	4190778	219912	19635489	0	0	3817541584
173520	1182720	28544	7680	29097984	11452832	1109	18663150	5204198	213502	18915752	0	0	3980008904
178931	1230848	31808	7492	32448512	10716064	1154	18993133	4143958	262032	19272225	0	0	4143309736
184129	1277952	31916	7667	32550912	11387856	1198	17202246	4460061	214522	21433305	0	0	4299451320
189179	1326080	28328	7673	28872704	11366992	1244	15365760	4918875	419154	17999864	0	0	4462591768
194228	1373184	25828	7611	26312704	10665584	1287	18043474	4504971	349574	18416747	0	0	4616768248
199234	1406976	17288	7703	17571840	6524912	1326	16989975	4664063	296913	21664198	0	0	4761941592
204792	1447936	38668	10889	39489536	14827344	1358	22775677	4961205	237772	26859974	0	0	4881948080
209937	1495040	26044	7676	26525696	11758432	1401	16978864	4353480	230602	21218403	0	0	5035779080
215160	1543168	27072	7676	27582464	11779392	1446	15805654	4642002	251922	17297758	0	0	5197427136
220484	1591296	27132	7677	27648000	11654448	1491	15813785	4874984	248422	18393338	0	0	5360172368
225923	1639424	26284	7675	26779648	11515472	1536	18613700	5810493	250673	19073583	0	0	5523458392
231372	1687552	29696	7681	30273536	11320240	1581	18875512	4595632	292633	23475254	0	0	5686496912
236476	1734656	27668	7673	28188672	11650736	1624	18726380	6884793	294033	19021383	0	0	5841185224
241513	1781760	29632	7665	30208000	11246128	1667	18795201	4044957	246002	20338415	0	0	5995691424
246620	1829888	28664	7668	29216768	11189056	1712	16377009	4596532	239032	16614161	0	0	6158286144
251914	1879040	28512	7673	29061120	11534448	1760	19681950	4293129	221902	19969522	0	0	6330122656
257055	1927168	27220	7676	27742208	11464384	1805	14540952	3614073	237092	14716565	0	0	6492802296
262103	1974272	31056	7670	31666176	11594240	1848	16930654	9641068	224462	17135926	0	0	6647597128
267489	2022400	34228	10879	34942976	14779792	1893	17550649	3231129	255512	20643957	0	0	6811493888
272636	2070528	27208	7674	27725824	11367200	1939	15422821	4366350	246962	19397437	0	0	6973899792
278040	2119680	27720	7678	28250112	11540704	1986	15704223	4148648	255382	16991635	0	0	7144499432
283225	2166784	33016	7675	33677312	11545232	2028	16103927	4475140	251653	19669429	0	0	7299283360
288293	2214912	29268	7674	29831168	11520320	2074	15617622	4552222	228622	19699449	0	0	7461172960
293596	2263040	25680	7678	26157056	11709120	2120	15160998	4630102	224812	18259126	0	0	7623154200
298765	2311168	31328	7676	31940608	11464064	2165	18013894	3849395	255643	18224736	0	0	7787344896
304148	2359296	30960	7677	31563776	11345136	2210	17141406	5900374	271602	19116224	0	0	7949546656
309282	2406400	32512	7675	33161216	11561104	2253	16218568	4557352	233692	19848941	0	0	8103970288
314626	2454528	26380	7678	26882048	11669696	2299	16516590	4721433	281332	17484329	0	0	8267203440
319872	2502656	28188	7673	28729344	11641616	2344	15503021	4464030	297853	17154047	0	0	8430329632
325047	2550784	30608	7677	31203328	11582160	2389	15486771	6368478	233942	15718873	0	0	8594109376
330064	2597888	25844	7673	26337280	11563120	2433	16415089	4136638	222612	19023923	0	0	8749334000
335200	2646016	27340	7674	27860992	11449216	2478	15851875	3651514	247172	19008653	0	0	8912282496
340269	2694144	29936	7674	30511104	11382752	2523	15586532	4485131	266283	17633011	0	0	9075434504
345382	2741248	27776	7609	28311552	10637072	2566	42533738	6332307	247623	47512023	0	0	9229743344
350416	2789376	23384	7660	23801856	11399456	2613	15242209	4859615	222402	17700651	0	0	9393926408
355471	2827264	17036	7682	17313792	6564352	2651	34961088	3827874	3231019	35177300	0	0	9539947920
360694	2865152	26016	7676	26505216	10722592	2686	19749950	4595572	226322	21517626	0	0	9665271608
366008	2912256	24192	7680	24629248	11240096	2729	15623152	4765083	223072	18918953	0	0	9820498768
371268	2959360	25748	7678	26222592	11597408	2772	18810161	7974033	1460423	23095610	0	0	9975228872
376651	3006464	33820	10879	34525184	14622832	2814	18287106	4568142	448574	22858248	0	0	10129101072
381967	3054592	29328	7674	29892608	11401632	2859	16994015	6498699	2027909	20972681	0	0	10290990896
387247	3102720	28820	7676	29384704	11570688	2904	15961976	6592110	241932	17794412	0	0	10453660744
393037	3150848	31272	10882	31916032	14661088	2949	20313865	4918515	253313	23795677	0	0	10616595704
398485	3198976	28020	7675	28553216	11518352	2994	16549691	4969705	269682	21396314	0	0	10778882352
403524	3246080	25780	7670	26267648	11433536	3037	15699413	4356230	245342	16726342	0	0	10932449608
408767	3295232	28388	7676	28930048	11409824	3084	16470560	3896005	246172	16715422	0	0	11103912592
414089	3344384	29940	7658	30523392	11341184	3131	14926016	3591833	236923	17482079	0	0	11273973232
419590	3391488	32892	10883	33579008	14978608	3173	19500798	4033907	262812	23447474	0	0	11428092648
424639	3439616	31380	7673	31997952	11613296	3218	16986475	3966966	223183	18499689	0	0	11590698488
429834	3487744	28748	7683	29310976	11597360	3263	19822620	3245869	219592	20112493	0	0	11752199888
435232	3535872	27808	7676	28332032	11589856	3308	15604112	5068456	237653	20242234	0	0	11915323384
440414	3582976	33472	10880	34168832	14754560	3350	18614809	4006177	229732	20599257	0	0	12070488144
445722	3632128	27320	7677	27840512	11675760	3397	14928486	3674454	251692	17777192	0	0	12241779040
450915	3680256	31336	7678	31948800	11544960	3441	15065497	5378499	2396601	19059984	0	0	12404034896
456205	3728384	30960	7680	31563776	11311968	3486	18654180	3839625	232042	19567988	0	0	12566929992
461247	3756032	31972	10882	32628736	14262240	3514	21563597	9545617	459365	30984193	0	0	12677518624
466590	3801088	24932	7684	25391104	10870464	3553	18611950	5551260	246122	19091814	0	0	12815713208
471799	3848192	30584	7490	31186944	10867552	3595	16683032	4799584	436674	17464480	0	0	12970528048
477057	3896320	30672	7674	31277056	11585088	3640	15336220	3592462	244762	15712644	0	0	13133139296
482424	3944448	27032	7677	27541504	11244560	3685	15516831	5325839	245233	20161684	0	0	13296974760
487562	3992576	28264	7678	28807168	11423264	3730	14064419	4845455	241652	16269289	0	0	13460479872
492563	4039680	28016	7675	28553216	11504432	3773	15728484	5107336	220032	18894482	0	0	13615625592
497797	4087808	33000	7675	33656832	11596464	3817	15442381	3887255	236852	18246356	0	0	13777938768
503028	4135936	32152	7680	32788480	11684576	3862	14999487	3451142	262803	16286588	0	0	13941337616
508342	4184064	25580	7678	26050560	11488288	3907	15307880	4082898	336193	18493329	0	0	14104364216
513504	4232192	25956	7659	26435584	11643184	3953	15345500	4293389	268923	17280658	0	0	14266926464
518932	4279296	38664	10889	39485440	14698704	3994	22514165	5024626	229003	27349649	0	0	14420474416
524257	4327424	31400	7674	32010240	11583712	4040	15917925	3911846	270143	19402357	0	0	14583168120
529505	4375552	32200	7489	32833536	10790864	4085	17981014	4622972	228592	21313464	0	0	14745237912
534583	4422656	38172	10881	38981632	14792624	4127	21409916	4721253	233032	22074042	0	0	14899165000
539931	4471808	30480	7674	31076352	11628864	4174	16219448	4160768	243522	19185325	0	0	15070300600
544966	4518912	25628	7677	26112000	11634864	4217	14982456	4005837	232993	18465139	0	0	15223385576
550268	4567040	35012	10886	35741696	14834720	4261	20342305	4124448	225132	23594475	0	0	15386335976
555541	4595712	31532	10884	32174080	14067264	4291	21349535	9980741	289522	31333006	0	0	15506186248
560726	4641792	26440	7658	26939392	10738784	4331	16176928	6248297	226772	18618200	0	0	15651350472
565831	4688896	23908	7676	24346624	11136608	4374	15733393	4227938	259502	18777071	0	0	15805284608
571153	4737024	28528	7675	29097984	10990544	4418	15751214	5293588	221232	17777272	0	0	15968472240
576231	4784128	25504	7659	25980928	11468016	4461	17381999	5200428	233552	21124513	0	0	16122203152
581390	4832256	28404	7675	28958720	11474672	4505	16287388	4048957	3099008	16686952	0	0	16284738872
586662	4880384	31048	7673	31653888	11246992	4550	16512980	4481741	222212	20929101	0	0	16447828224
591721	4927488	32360	7680	33005568	11483744	4593	17894893	4312569	230282	22210522	0	0	16604053296
597144	4975616	28608	7681	29159424	11454384	4638	15590252	4134948	238372	17944763	0	0	16766944648
602548	5022720	38872	10886	39702528	14871104	4680	19349686	6655051	287573	19821870	0	0	16921793896
607976	5051392	27700	7676	28225536	10854784	4712	53984613	6940924	6160177	54343136	0	0	17041958584
612978	5097472	28036	7659	28577792	10885552	4752	15484211	13157610	225172	15680513	0	0	17187818440
618178	5143552	33264	10885	33955840	14997616	4792	19168645	4305669	247192	22637397	0	0	17332877848
623215	5191680	30044	7674	30625792	11622720	4837	15390411	3873085	255442	18348088	0	0	17495789024
628297	5239808	31288	7679	31899648	11639696	4882	15970826	4102258	264053	18715661	0	0	17658412968
633601	5287936	32308	7677	32944128	11602928	4927	15878155	4994935	221392	19399036	0	0	17820964424
638702	5336064	26360	7673	26865664	11617872	4973	15550692	4872495	223132	17017575	0	0	17984392056
643761	5363712	28116	10885	28680192	13644944	5001	19345707	8573458	241232	26565683	0	0	18095487680
648891	5409792	27216	7683	27734016	10936464	5041	15364081	5624411	244793	16449621	0	0	18241604520
654022	5456896	31792	7673	32423936	11025200	5083	15411971	3728474	222592	17597131	0	0	18396316048
659064	5504000	25292	7675	25763840	11419696	5127	15213348	5071317	265823	18531969	0	0	18551456112
664078	5552128	29928	7674	30511104	11634368	5171	14948207	4246289	254102	19006184	0	0	18713918904
669244	5600256	28024	7676	28557312	11502048	5216	15891255	4096787	271343	17760222	0	0	18877675024
674414	5648384	28888	7678	29442048	11534336	5261	15717243	4324220	1488674	18455499	0	0	19041267456
679674	5696512	27052	7677	27566080	11393456	5306	16198428	4917445	260712	20619628	0	0	19204375464
684990	5744640	29640	7680	30212096	11222784	5351	16619742	5142777	224412	21164173	0	0	19367587400
690097	5791744	28800	7649	29360128	11420048	5394	16300478	3565643	361523	16491050	0	0	19521451368
695200	5839872	29640	7675	30212096	11383280	5439	14992917	5216708	341113	18588340	0	0	19684295552
700439	5888000	30820	7677	31416320	11710384	5484	16465720	5100977	232092	19158404	0	0	19848044928
705575	5936128	28552	7673	29102080	11581712	5529	18205216	3536403	247302	18483878	0	0	20011400688
710872	5983232	38216	10883	39026688	14627728	5571	22650626	4944185	217042	27598421	0	0	20167090264
716258	6030336	31848	10879	32501760	14783632	5614	18381648	5749703	256872	23136521	0	0	20321875696
721506	6078464	29256	7675	29822976	11424592	5659	16214358	4987936	318373	19548439	0	0	20484797600
726916	6127616	32588	7678	33226752	11361184	5706	16413870	4693233	231832	19081884	0	0	20656865184
731979	6175744	31388	7673	32006144	11601520	5751	15031187	4203058	226972	16611242	0	0	20819702792
737198	6223872	30884	7674	31490048	11321088	5796	16247178	4488111	243582	20739439	0	0	20981585368
742709	6270976	31176	7676	31797248	11705920	5839	35894337	10845129	3122808	46744216	0	0	21135469512
747958	6300672	26536	7674	27037696	10780576	5872	29004144	8395577	6109266	36287551	0	0	21259389208
753007	6340608	21984	10496	22409216	11753408	5901	40272108	5776193	3114108	40632301	0	0	21358485384
758191	6389760	25744	7657	26222592	11507184	5948	15619852	4875884	303983	18605910	0	0	21529999784
763519	6438912	27360	7480	27877376	10825888	5996	19145495	3781714	220082	19824131	0	0	21701729056
768911	6487040	26976	7680	27484160	11651136	6041	16131218	4143618	245122	19801901	0	0	21864090424
774031	6535168	30496	7673	31088640	11590992	6086	17963984	4534391	247232	18233256	0	0	22027475104
779270	6582272	31096	10882	31731712	14898400	6129	17771142	4301839	254722	22076011	0	0	22183784192
784488	6630400	28188	7672	28725248	11604608	6174	16032566	4764543	303963	20121884	0	0	22346219584
789666	6678528	31388	7673	32006144	11314896	6219	16057426	5060796	314523	19318846	0	0	22509661624
794964	6726656	26928	7673	27447296	11524336	6264	15847434	3343651	219142	16136067	0	0	22671126752
800242	6774784	32612	7677	33255424	11657872	6308	18476699	4763964	240362	23244293	0	0	22833588600
805480	6822912	32672	7676	33320960	11406432	6353	15882685	4469310	223322	17772552	0	0	22996061208
810502	6859776	13208	7629	13393920	5204048	6390	21198563	5445330	486314	26646323	0	0	23130333288
816133	6896640	30248	10886	30863360	14159584	6422	22165582	4486851	204962	26655013	0	0	23252107272
821197	6942720	39284	10879	40124416	14824784	6461	20703949	4231358	243902	23565055	0	0	23398696240
826236	6989824	31572	7666	32215040	11203808	6504	25687405	4276379	3070358	26262750	0	0	23552177776
831246	7037952	25624	7676	26103808	11586304	6550	13905297	4632773	219152	15784954	0	0	23714343304
836255	7085056	23528	7613	23953408	10535824	6593	17610650	4930255	236202	17947194	0	0	23870115944
841256	7126016	10192	7062	10313728	4949856	6635	16021096	4566452	256792	19998213	0	0	24021606784
846282	7161856	25584	7676	26062848	11044384	6669	15987546	4003677	221122	17798242	0	0	24152172656
851518	7208960	29592	7680	30167040	11034976	6711	16321009	3220100	216902	18422878	0	0	24307657824
856906	7256064	26504	7678	27004928	11630784	6754	18332217	5272828	228082	19564988	0	0	24462716568
862098	7303168	27896	7678	28430336	11602080	6797	16852723	4683732	232992	18965423	0	0	24616129248
867448	7351296	29996	7675	30576640	11623536	6842	16437141	3561572	225282	19440978	0	0	24779263320
872503	7398400	32808	7675	33468416	11401648	6885	17035096	4687193	239123	17257528	0	0	24935252784
877648	7446528	27556	7676	28082176	11505472	6931	17276388	4954445	223202	18051925	0	0	25097877536
882665	7494656	29828	7676	30412800	11521568	6976	15752794	3697104	229452	16803113	0	0	25259897208
887911	7542784	30700	7677	31309824	11449072	7022	17173527	5066566	352893	18419678	0	0	25424480576
892932	7570432	30796	10885	31420416	14247568	7051	23075290	9853880	219292	32901300	0	0	25536033440
898157	7616512	31904	7479	32538624	10742128	7091	17785722	5889453	232372	18068675	0	0	25682134128
903538	7663616	28416	7678	28958720	11542720	7133	21108272	4381990	3079198	21399685	0	0	25836449576
908761	7711744	29536	7678	30117888	11495264	7179	15593562	4525022	296473	19752191	0	0	25999166192
913873	7759872	29364	7677	29929472	11517520	7224	15889145	5013476	241093	18646000	0	0	26161810280
918940	7806976	33532	10882	34217984	14929760	7266	19665249	3693854	265552	22517055	0	0	26316306256
924167	7855104	30764	7678	31363072	11621056	7311	17038216	6339998	247573	22240983	0	0	26479036936
929340	7903232	30904	7676	31510528	11404192	7356	18481119	4171088	321013	18639320	0	0	26642095064
935084	7951360	30716	7682	31318016	11328672	7401	30736120	4561831	3125159	31037563	0	0	26804434008
940094	7981056	23324	7654	23748608	8239168	7434	24522494	4654573	3053508	24946228	0	0	26927043024
945229	8026112	29648	7677	30224384	10869936	7473	15793344	4434681	231072	19154375	0	0	27070004232
950270	8072192	27468	7677	27983872	11459760	7514	18563049	3925086	3050698	20168444	0	0	27215233552
955537	8119296	25660	7675	26140672	11588720	7556	16830563	5533110	242672	20121813	0	0	27369867768
960602	8167424	26012	7682	26497024	11418880	7602	14724344	4610852	248412	16116637	0	0	27532044944
965721	8215552	26488	7679	26988544	11552432	7647	15522321	4507691	234472	18310787	0	0	27694446664
970956	8263680	32080	7681	32710656	11384528	7692	15482962	4232258	220602	19479468	0	0	27857760304
976212	8311808	30512	7673	31113216	11740016	7737	16410791	4164058	249892	16811925	0	0	28020215896
981613	8359936	25532	7680	26013696	11560064	7783	21480268	4037877	270572	25440404	0	0	28184045400
987049	8408064	31356	7684	31977472	11470688	7827	17781953	4717163	250523	19374888	0	0	28346304672
992240	8455168	26504	7674	27013120	11640384	7869	18821193	3924816	285783	19247557	0	0	28500796800
997256	8503296	29904	7673	30482432	11606096	7915	14480403	4094898	273172	18577831	0	0	28664685760
1002327	8551424	32412	7675	33062912	11674832	7960	19056915	3552922	229802	19343928	0	0	28827615520
1007550	8580096	31572	10880	32219136	14063200	7990	20654390	10141064	249852	27460322	0	0	28945708464
1012864	8625152	27424	7683	27942912	10795152	8028	18241118	6381028	267523	22763539	0	0	29083716880
1018051	8672256	30604	7677	31203328	11467728	8071	17234668	3631053	245293	17509481	0	0	29238166104
1023082	8719360	28532	7677	29081600	11684240	8114	15601043	4069578	249733	18495460	0	0	29392966504
1028125	8767488	29452	7677	30019584	11639792	8159	15007198	5121547	229662	18341908	0	0	29556375224
1033380	8815616	31892	7681	32518144	11404656	8204	15431692	5571321	226102	19053185	0	0	29719078792
1038463	8862720	32808	7672	33460224	11410624	8247	18912034	5162997	3114069	19212476	0	0	29874361072
1043630	8910848	25840	7677	26324992	11469360	8293	16494182	4492361	260573	20495188	0	0	30035844424
1048759	8958976	26824	7681	27332608	11627632	8338	16427211	3735165	289063	16640553	0	0	30198914080
1053798	9007104	26060	7677	26550272	11771344	8383	14977098	3042918	248273	15186000	0	0	30361523352
1058922	9054208	38600	10870	39419904	14925376	8425	18402129	4576833	265813	21294076	0	0	30514173984
1063926	9102336	30676	7674	31277056	11575520	8470	23846599	4215779	250122	24190602	0	0	30676989584
1069229	9150464	35132	10878	35868672	14722912	8515	16779674	3691104	271742	20019204	0	0	30840531232
1074520	9198592	27244	7675	27762688	11405648	8560	17315799	3313771	259592	19754252	0	0	31001562048
1079727	9246720	30796	7674	31395840	11400032	8605	18511070	4267559	238592	21062553	0	0	31163852448
1085043	9294848	31492	7479	32108544	10832208	8650	30758453	4331110	291233	31009685	0	0	31326284520
1090129	9342976	30168	7679	30748672	11523856	8695	15109249	4612973	237892	18063996	0	0	31488823552
1095229	9391104	30252	7678	30842880	11457664	8740	15726805	4418530	294862	18873333	0	0	31652128352
1100367	9439232	26204	7675	26701824	11645456	8786	14554854	3914756	219732	18473000	0	0	31815194464
1105608	9467904	30700	10886	31326208	14151360	8816	21309246	8671949	727867	29985195	0	0	31935335840
1110689	9512960	30220	7680	30806016	10759232	8854	16986206	6618471	254572	19021895	0	0	32072649520
1115909	9559040	26312	7680	26804224	11511648	8895	17242808	4960365	261212	22174434	0	0	32218167360
1121067	9607168	28224	7678	28770304	11541152	8940	16044908	4236969	237512	16277020	0	0	32380698080
1126293	9655296	29576	7678	30146560	11694848	8985	16482072	5907124	225582	17989006	0	0	32543713096
1131418	9703424	31108	7675	31715328	11572848	9030	15986667	4337810	226472	17922855	0	0	32705968336
1136827	9751552	28532	7679	29077504	11642992	9075	16784594	3892376	262403	20679730	0	0	32869855496
1142084	9799680	31216	7675	31825920	11569328	9120	20911332	4410330	235112	24365934	0	0	33033383040
1147319	9847808	30068	7470	30658560	10785216	9165	19293088	3981157	232362	19575740	0	0	33196381464
1152687	9895936	29720	7676	30294016	11383360	9210	16460612	5189998	252182	19530870	0	0	33360644256
1157959	9944064	27812	7676	28340224	11574720	9255	17046297	3789544	271482	18909754	0	0	33523350616
1163003	9991168	25248	7681	25718784	11351280	9298	19613801	3771115	251112	19905703	0	0	33678022104
1168207	10039296	26880	7676	27385856	11514720	9343	15518762	4566242	231682	19508419	0	0	33841512440
1173615	10087424	25688	7677	26169344	11639376	9388	16366701	7954174	476934	23677128	0	0	34004869112
1178750	10135552	31212	7676	31817728	11517760	9433	15902726	4364930	230413	19696821	0	0	34166736464
1183925	10183680	26580	7677	27078656	11598320	9479	15012008	4508031	258532	18269468	0	0	34329762568
1189055	10231808	26928	7678	27439104	11481248	9524	15753735	4765984	220942	18511450	0	0	34494026728
1194069	10276864	21680	7401	22069248	8841904	9562	60987841	60987841	5131357	61093642	0	0	34630620128
1199146	10310656	17256	7696	17539072	6665376	9602	46482488	46482488	3036328	46484648	0	0	34778924088
1204248	10334208	22432	10891	22863872	9267760	9622	23757819	10334605	202442	34095254	0	0	34859155512
1209323	10377216	29520	7677	30093312	10887696	9658	17375440	4535572	233862	20784711	0	0	34991502424
1214625	10424320	31280	7677	31891456	11414768	9701	18063346	4265919	244532	19055895	0	0	35146300904
1219964	10472448	31560	7680	32190464	11633312	9746	15952337	4801114	247162	17303419	0	0	35308868424
1225276	10519552	27520	7678	28041216	11737408	9789	16181739	4954926	234413	21139285	0	0	35463939656
1230592	10567680	30736	7680	31338496	11360096	9834	18008025	4630982	244702	19053675	0	0	35627390768
1235718	10614784	30872	7669	31477760	11560528	9877	15931267	4003177	259972	16190339	0	0	35782028064
1240967	10662912	25752	7673	26230784	11479696	9923	15616914	4551252	226322	16395931	0	0	35944421656
1246006	10710016	25548	7678	26021888	11583104	9966	18350288	4445511	244312	18636911	0	0	36098894352
1251195	10758144	29700	7674	30273536	11287072	10011	19022264	4739304	234872	20962282	0	0	36261895368
1256326	10806272	28620	7671	29171712	11414512	10056	15584124	3291480	222092	16119088	0	0	36424809864
1261695	10855424	32112	7677	32747520	11604720	10103	15175260	4227539	305723	16911896	0	0	36596612184
1266951	10903552	32356	7677	32993280	11604272	10148	14629505	5644292	374354	18804103	0	0	36759034488
1272318	10951680	27388	7674	27906048	11487168	10194	14900187	6274777	369214	20483008	0	0	36921773064
1277415	10998784	25412	7670	25886720	11503136	10237	15910497	4906656	231523	20080354	0	0	37076524696
1282742	11046912	26316	7676	26812416	11631584	10282	17831654	4981286	493545	19851962	0	0	37239784496
1288096	11095040	32392	7673	33030144	11549136	10327	16237159	4934505	224122	20906002	0	0	37404148040
1293108	11122688	30220	10862	30834688	13991232	10356	23022662	10555937	237283	33582029	0	0	37514596024
1298315	11168768	27556	7675	28082176	11035472	10396	16297119	6349359	242042	20480578	0	0	37659619088
1303518	11215872	32484	7679	33128448	11460592	10438	17504151	3529152	223032	19496430	0	0	37814102648
1308843	11264000	25372	7671	25849856	11437936	10484	15210329	5331880	233022	18551911	0	0	37977588632
1313902	11311104	28204	7677	28745728	11535984	10526	14652115	4099298	259402	18351789	0	0	38131519184
1319054	11358208	31004	7671	31612928	11549008	10569	16690553	4899855	295603	18695742	0	0	38286778040
1324227	11406336	30464	7671	31055872	11388784	10614	15539413	4460041	264553	16220239	0	0	38449083256
1329521	11454464	27596	7674	28123136	11591488	10660	16291659	4315790	231932	17773394	0	0	38612634152
1334671	11502592	27612	7674	28143616	11798272	10705	18600481	4000337	500295	18848423	0	0	38774423336
1340035	11551744	29872	7676	30453760	11698816	10752	15714854	3822545	226502	16132238	0	0	38945766960
1345449	11599872	24820	7678	25280512	11521632	10798	16611693	5671993	239742	19300207	0	0	39109297144
1350656	11646976	26844	7676	27353088	11792064	10841	19848972	5492021	2127490	25343663	0	0	39264827680
1355848	11694080	27164	7674	27680768	11569216	10884	17622802	5496011	274052	19046555	0	0	39420349696
1361397	11742208	38392	10870	39211008	14604640	10928	18948624	4531652	239892	22451357	0	0	39583097240
1366686	11790336	28368	7675	28909568	11565904	10974	17216588	4731703	311912	20609340	0	0	39745763224
1371742	11838464	32116	7674	32751616	11489024	11019	15721645	5526171	261042	18454240	0	0	39907788616
1376837	11885568	27088	7664	27602944	11246080	11063	17363809	7094535	3170949	18075056	0	0	40063620752
1382801	11912192	32716	10850	33394688	14712384	11091	70076135	70076135	4084298	70109515	0	0	40166013416
1387968	11959296	31148	7676	31764480	11505728	11134	17360750	9576468	713597	26940198	0	0	40321155664
1393122	12006400	32172	7679	32813056	11560272	11177	34985152	5596932	14395372	37126681	0	0	40475223280
1398410	12054528	26244	7677	26738688	11613040	11223	18684852	3457791	566465	18904544	0	0	40638658784
1403565	12102656	31860	7678	32493568	11472704	11268	29538262	4445701	1744146	32194066	0	0	40801389776
1408626	12135424	16972	7699	17248256	6567920	11304	27961937	4741534	2200301	28812365	0	0	40935190104
1413889	12178432	24176	7678	24616960	10854880	11342	16275080	4272810	237782	18599611	0	0	41074862336
1418896	12224512	26464	7677	26959872	11536240	11382	14915747	4579662	532075	18742113	0	0	41220017848
1424105	12271616	27252	7677	27766784	11447056	11425	15382061	4694064	503324	20078805	0	0	41374380008
1429421	12318720	27220	7677	27734016	11512272	11468	67477800	67477800	3106768	67510461	0	0	41528768328
1434482	12365824	28312	7671	28852224	11608464	11511	16653973	5669682	241622	19063315	0	0	41684356864
1439532	12402688	13120	7486	13299712	6195488	11549	18982965	4573812	241262	19347048	0	0	41826461848
1444864	12441600	25288	7682	25759744	10910944	11585	18218107	4933856	261262	21366196	0	0	41957007096
1450072	12468224	32568	10881	33239040	13959280	11610	23344584	10561558	226362	33909942	0	0	42057844600
1455144	12512256	25884	7680	26374144	11504640	11647	17606082	6008696	243782	20003434	0	0	42187758800
1460219	12559360	30836	7680	31440896	11679808	11689	16116898	4048367	234192	16505661	0	0	42341651160
1465431	12606464	27952	7676	28487680	11735200	11732	16355170	5216327	229992	20674690	0	0	42496497072
1470699	12654592	29440	7672	30015488	11709216	11777	15453342	4609562	254202	18431130	0	0	42659502704
1476007	12702720	28416	7673	28958720	11635920	11822	14969827	4467672	227502	16724614	0	0	42822041632
1481057	12732416	21828	7689	22216704	9731728	11856	21338356	13354033	4083617	26837906	0	0	42947094384
1486253	12777472	30904	7678	31506432	11003168	11894	16908766	3902396	237292	19697591	0	0	43087047096
1491319	12823552	26976	7676	27488256	11500192	11935	21689390	6038746	223092	22051763	0	0	43233973728
1496672	12871680	28656	7672	29204480	11466816	11980	16185259	5087017	331823	20580041	0	0	43397367848
1502054	12919808	31592	7677	32215040	11475888	12025	16184590	4243889	240592	16790965	0	0	43559471376
1507444	12966912	27420	7681	27938816	11445712	12068	16412172	3641763	232312	16842636	0	0	43715014128
1512760	13015040	28108	7677	28643328	11819696	12114	16725595	4131128	246542	16938217	0	0	43878432072
1517801	13062144	29412	7673	29978624	11407920	12157	17567532	3984327	258583	17808504	0	0	44033109464
1523120	13110272	31720	7674	32350208	11624480	12202	17326480	3887446	245442	21217646	0	0	44195727008
1528307	13158400	30532	7676	31129600	11583712	12247	16476543	4004237	260272	16882626	0	0	44358751400
1533500	13205504	33580	10846	34283520	14407648	12290	15568264	5558631	243132	20716241	0	0	44513781272
1538500	13242368	16752	7679	17022976	6517552	12329	26731867	10812460	3136039	37547757	0	0	44659395664
1543613	13277184	28296	10816	28864512	13803520	12354	21357577	10001732	289022	31362699	0	0	44753728392
1548827	13326336	25836	7673	26320896	11602480	12402	15740356	4786784	274202	16129439	0	0	44924696496
1553895	13374464	30880	7673	31477760	11505392	12446	17535712	3513823	245732	17936656	0	0	45087338904
1559231	13402112	34184	10882	34885632	14085120	12475	20526939	17855785	5357530	35321886	0	0	45198748816
1564232	13434880	13880	7641	14086144	5269904	12505	26831287	7346378	1153560	28228680	0	0	45306843816
1569428	13473792	25440	7676	25911296	10894592	12541	17490722	3811286	228802	19838873	0	0	45439529000
1574464	13519872	30208	7675	30789632	11649392	12581	17457831	3811895	227892	17686534	0	0	45585023240
1579510	13565952	35368	10871	36110336	14603600	12621	18103908	7084655	324293	25192993	0	0	45731156512
1584889	13593600	35828	10892	36577280	14096192	12650	23353225	11515446	318123	34056454	0	0	45841750792
1589975	13639680	27516	7681	28041216	11519952	12691	15477563	7487039	247822	22002344	0	0	45986851064
1595028	13667328	31220	10885	31858688	14174320	12719	20927974	10159894	252122	29331211	0	0	46098348304
1600043	13711360	30760	7677	31358976	11581584	12755	28419133	6652542	3091979	28721796	0	0	46227097352
1605066	13758464	28084	7671	28618752	11713680	12797	15390002	4948556	3096119	19666731	0	0	46380716488
1610097	13805568	25676	7669	26161152	11415344	12841	16960756	5213538	225542	17189838	0	0	46536393960
1615245	13853696	28096	7670	28635136	11383072	12886	16563063	4814775	256463	17084408	0	0	46699958656
1620315	13891584	13508	7633	13701120	5199216	12925	17423080	3368271	253633	17679703	0	0	46844754768
1625466	13928448	24340	7683	24784896	11300080	12958	19030905	4921135	258373	21899242	0	0	46965923888
1630904	13974528	29040	7675	29597696	11355472	12998	58026586	15948878	242012	73979514	0	0	47112338512
1635966	14021632	28684	7660	29237248	11540192	13041	18116288	5700682	2631504	22657480	0	0	47267360528
1641015	14069760	30132	7663	30720000	11364336	13086	16635233	3670964	247602	19188377	0	0	47429354880
1646299	14117888	29892	7670	30470144	11306528	13131	15707235	5115007	254572	16803905	0	0	47590985640
1651341	14153728	13788	7445	13987840	5169808	13170	17670824	4058967	251192	17893276	0	0	47733757392
1656357	14173184	27980	10893	28545024	10545360	13187	24653748	7292108	229222	29973177	0	0	47806570696
1661384	14216192	31048	7675	31653888	11484432	13222	16897446	6388419	227862	20567160	0	0	47934137656
1666569	14263296	30904	7676	31510528	11605376	13265	16679734	3793595	246822	19399289	0	0	48089246752
1671720	14310400	28948	7675	29499392	11497744	13308	17577143	5442850	274003	20634191	0	0	48243027344
1676739	14357504	27824	7642	28352512	10992672	13351	16134659	6467720	241983	22605829	0	0	48396703288
1681883	14405632	27212	7665	27734016	11352688	13397	17963735	3417962	253433	18238378	0	0	48559235936
1686990	14453760	30816	7659	31412224	11295440	13442	16155439	4789374	232892	17947275	0	0	48722103656
1692250	14501888	24908	7674	25370624	11591008	13488	16818745	4893035	246462	18369760	0	0	48883766480
1697270	14548992	22648	7614	23052288	10686112	13531	18126547	4430311	3032598	18350959	0	0	49037983936
1702316	14588928	13420	7605	13619200	5389168	13572	18075427	5145518	262992	21161756	0	0	49189596248
1707341	14625792	27860	7677	28389376	10754224	13606	21708140	4242789	279962	22031613	0	0	49319544384
1712566	14671872	28388	7680	28925952	11466848	13647	17462301	4507052	226332	21876172	0	0	49465360112
1717792	14718976	26460	7682	26955776	11575264	13690	18316739	4280889	233122	20889533	0	0	49620145808
1723130	14767104	28332	7674	28876800	11442432	13735	16859226	3913006	315183	18061597	0	0	49782841272
1728314	14815232	30604	7675	31203328	11539696	13780	16843046	4703954	243552	17185399	0	0	49945908568
1733357	14862336	25192	7673	25661440	11601520	13824	15542843	3797725	246302	15822376	0	0	50100202776
1738581	14910464	25444	7672	25915392	11599488	13869	16607583	3804105	262512	16925316	0	0	50262804384
1743774	14958592	31052	7675	31657984	11519536	13914	16342941	4022167	267502	18095287	0	0	50425833952
1749088	15006720	28040	7675	28577792	11551376	13960	16997517	5106137	230342	20914383	0	0	50588537888
1754118	15053824	30292	7663	30883840	11378928	14003	17574193	4909366	255602	18280119	0	0	50743494912
1759327	15101952	26820	7672	27324416	11443712	14049	16328161	4714434	237462	16650814	0	0	50905732288
1764328	15149056	28200	10503	28770304	11660464	14091	17427861	4346310	232472	17690444	0	0	51060211696
1769365	15185920	13928	7659	14131200	5262608	14132	16738475	4590353	246672	18266509	0	0	51209112440
1774591	15225856	26412	7676	26910720	10791936	14168	15868277	4264569	239122	19298698	0	0	51341030032
1779599	15270912	31732	7678	32350208	11448288	14206	16735614	4143538	241972	20295787	0	0	51478713080
1784849	15318016	35924	10868	36679680	14563776	14249	20037755	5166358	240712	25207833	0	0	51633525440
1789928	15351808	16000	7679	16252928	6434800	14286	19212008	4293639	242302	23509827	0	0	51772802712
1795091	15393792	29804	7681	30388224	10881776	14322	15743175	5434220	235582	18502751	0	0	51905379224
1800224	15438848	32972	7676	33632256	11441664	14360	18260209	3998387	265422	18757083	0	0	52042323144
# done rounds=15438848 t_ms=1800224 asked=52042323144 rss_kib=32972 len=384 pause_max=70076135 stop_max=73979514 mark_max=70076135 sweep_max=14395372 collections=14360
